-- phpMyAdmin SQL Dump
-- version 5.2.1
-- https://www.phpmyadmin.net/
--
-- Host: localhost:3306
-- Generation Time: Nov 01, 2024 at 11:13 AM
-- Server version: 10.6.19-MariaDB-cll-lve-log
-- PHP Version: 8.3.12

SET SQL_MODE = "NO_AUTO_VALUE_ON_ZERO";
START TRANSACTION;
SET time_zone = "+00:00";


/*!40101 SET @OLD_CHARACTER_SET_CLIENT=@@CHARACTER_SET_CLIENT */;
/*!40101 SET @OLD_CHARACTER_SET_RESULTS=@@CHARACTER_SET_RESULTS */;
/*!40101 SET @OLD_COLLATION_CONNECTION=@@COLLATION_CONNECTION */;
/*!40101 SET NAMES utf8mb4 */;

--
-- Database: `tradbwll_db`
--

-- --------------------------------------------------------

--
-- Table structure for table `contacts`
--

CREATE TABLE `contacts` (
  `id` int(11) NOT NULL,
  `name` varchar(255) DEFAULT NULL,
  `email` varchar(255) DEFAULT NULL,
  `phone` varchar(255) DEFAULT NULL,
  `subject` text DEFAULT NULL,
  `message` longtext DEFAULT NULL,
  `date` datetime NOT NULL DEFAULT current_timestamp()
) ENGINE=InnoDB DEFAULT CHARSET=utf8mb4 COLLATE=utf8mb4_general_ci;

--
-- Dumping data for table `contacts`
--

INSERT INTO `contacts` (`id`, `name`, `email`, `phone`, `subject`, `message`, `date`) VALUES
(1, 'Victor Osaronwafor', 'victor@aefgroup.org', '08188059316', 'Withdrawal', 'In publishing and graphic design, Lorem ipsum is a placeholder text commonly used to demonstrate the visual form of a document or a typeface without relying on meaningful content. Lorem ipsum may be used as a placeholder before the final copy is available. It is also used to temporarily replace text in a process called greening, which allows designers to consider the form of a webpage or publication, without the meaning of the text influencing the design.', '2024-08-14 11:34:16'),
(2, 'Victory Ehikioya', 'victory@gmail.com', '08188059313', 'New Reports', 'In publishing and graphic design, Lorem ipsum is a placeholder text commonly used to demonstrate the visual form of a document or a typeface without relying on meaningful content. Lorem ipsum may be used as a placeholder before the final copy is available. It is also used to temporarily replace text in a process called greening, which allows designers to consider the form of a webpage or publication, without the meaning of the text influencing the design.', '2024-08-14 11:38:24'),
(3, 'Peter Ajuh', 'peterajuh4@gmail.com', '08139299233', 'Payment Issues', 'In publishing and graphic design, Lorem ipsum is a placeholder text commonly used to demonstrate the visual form of a document or a typeface without relying on meaningful content. Lorem ipsum may be used as a placeholder before the final copy is available. It is also used to temporarily replace text in a process called greeking, which allows designers to consider the form of a webpage or publication, without the meaning of the text influencing the design.', '2024-08-14 11:45:41'),
(4, 'Peter Ajuh', 'peterajuh4@gmail.com', '08139299233', 'Payment Issues', 'In publishing and graphic design, Lorem ipsum is a placeholder text commonly used to demonstrate the visual form of a document or a typeface without relying on meaningful content. Lorem ipsum may be used as a placeholder before the final copy is available. It is also used to temporarily replace text in a process called greeking, which allows designers to consider the form of a webpage or publication, without the meaning of the text influencing the design.', '2024-08-14 11:46:20'),
(5, 'Ehiokioya Osas', 'eseohe@gmail.com', '0814572090', 'Support Mail', 'In publishing and graphic design, Lorem ipsum is a placeholder text commonly used to demonstrate the visual form of a document or a typeface without relying on meaningful content. Lorem ipsum may be used as a placeholder before the final copy is available. It is also used to temporarily replace text in a process called greeking, which allows designers to consider the form of a webpage or publication, without the meaning of the text influencing the design.', '2024-08-14 11:48:10'),
(6, 'John Doe', 'johndoe@gmail.com', '08188059316', 'John Doe', 'In publishing and graphic design, Lorem ipsum is a placeholder text commonly used to demonstrate the visual form of a document or a typeface without relying on meaningful content. Lorem ipsum may be used as a placeholder before the final copy is available. It is also used to temporarily replace text in a process called greeking, which allows designers to consider the form of a webpage or publication, without the meaning of the text influencing the design.', '2024-08-14 11:53:27'),
(7, 'Victor Osaronwafor', 'victor@aefgroup.org', NULL, NULL, 'victor@aefgroup.org', '2024-08-14 12:00:54'),
(8, 'Josh', 'Wayne@gmail.com', 'FAQ', 'FAQ', 'Hello', '2024-08-14 12:07:49'),
(9, 'Israel Musa', 'israel@gmail.com', 'FAQ', 'FAQ', 'Nice Work', '2024-08-14 12:09:37'),
(10, 'Israel Yemui', 'yemui@gmail.com', 'FAQ', 'FAQ', 'Confirmed', '2024-08-14 12:10:47'),
(11, 'Hey', 'gravicsdesigns1@gmail.com', 'FAQ', 'FAQ', 'HHiii', '2024-08-16 07:51:58'),
(12, 'Eloisa Villeda', 'emdvilleda@pm.me', '9728219214', 'log in problems ', 'I can\'t log on to my account how I can reset my password ', '2024-08-18 15:50:58'),
(13, 'Eloisa Villeda', 'emdvilleda@pm.me', '9728219214', 'log in problems ', 'is not taking my password how I can fix it ', '2024-08-18 22:32:17'),
(14, 'Alberto Johann ', 'johannramirezibague@gmail.com', 'FAQ', 'FAQ', 'Como puedo pedir mi pin de retiro ', '2024-08-29 12:30:32'),
(15, 'Hernan', 'zunigapolinarh@gmail.com', '+51927609264', 'Soporte', 'Porque no llega mis ganancias ???', '2024-09-06 20:46:33'),
(16, 'Joaquin Talero', 'talerojoaquin@gmail.com', 'FAQ', 'FAQ', 'desde la plataforma eclipse puedo enviar mis ganancias usdt a binance?', '2024-09-24 23:56:37'),
(17, 'Joaquín Talero ', 'talerojoaquin@gmail.com', '3118783119', 'Adquirir código ', 'Por favor me pueden colaborar con un código para el retiro de mi inversión?', '2024-09-25 17:38:38'),
(18, 'Nieves', 'tiritinieves@hotmail.com', 'FAQ', 'FAQ', 'Me dijo la agente que si invertía 100 podría retirar 600al día siguiente. Le reiteré si eso era así ella dijo si...al día siguiente me exigen invertir 300 más que no tengo...ella vio lo que me queda en la cuenta para acabar el mes...estoy ofendida indignada y voy a denunciar a la policía por engaño...tengo todo  el chat guardado...quiero una solución o al menos recuperar mi dinero ', '2024-10-07 07:29:36'),
(19, 'Joaquín Talero ', 'talerojoaquin@gmail.com', 'FAQ', 'FAQ', 'No he podido retirar mis dividendos, necesito ayuda para retirar.', '2024-10-07 17:05:06'),
(20, 'Adriana ', 'Maadri8215@gmail.com', 'FAQ', 'FAQ', 'Ustedes son unos ladrones me robaron mis 400 dólares Agent Karen Benitez es una estafadora, me engaño los voy a demandar, me bloqueo y con eso ya termina con el robo ', '2024-10-20 14:24:07'),
(21, 'Adriana ', 'maadri8215@gmail.com', 'FAQ', 'FAQ', 'Por favor me ayudan con mi código ', '2024-10-21 18:32:08'),
(22, 'Adriana ', 'maadri8215@gmail.com', 'FAQ', 'FAQ', 'Necesito mi inversión, no voy a depositar más dinero cada vez que lo hago la señora Karen Benitez me pide más y nada que me deja retirar. Solo quiero mi inversión nada de supuestas ganancias solo mi dinero urgente, lo conseguí prestado y me están cobrando. Esta plataforma ha sido mi peor pesadilla. No se escuden en Dios que ustedes no le temen ', '2024-10-22 08:25:25'),
(23, 'Adriana', 'maadri8215@gmail.com', 'FAQ', 'FAQ', 'Devuelvame mi inversión, estoy endeudada por creer en sus embustes ', '2024-10-22 09:37:29'),
(24, 'Adriana', 'maadri8215@gmail.com', 'FAQ', 'FAQ', 'Por favor devuelvame mi dinero ', '2024-10-23 17:48:18'),
(25, 'Gary Charles', 'gary-charles@dominatingkeywords.com', '8054002077', 'DominatingKeywords.com', 'I am not offering you SEO, nor PPC.\nThis is something completely different.\nJust send us keywords of your interest and your website banner instantly appears number one on Google and Bing search results without Pay Per Click charges.\nLet me show you how it works and you will be pleasantly surprised by the results. ', '2024-10-24 08:07:54');

-- --------------------------------------------------------

--
-- Table structure for table `packages`
--

CREATE TABLE `packages` (
  `id` int(11) NOT NULL,
  `name` varchar(255) DEFAULT NULL,
  `slug` varchar(255) DEFAULT NULL,
  `caption` text DEFAULT NULL,
  `color` varchar(255) DEFAULT NULL,
  `percentage` varchar(255) DEFAULT NULL,
  `daily_profit` varchar(255) DEFAULT NULL,
  `currency` varchar(255) DEFAULT NULL,
  `bonus` varchar(255) DEFAULT NULL,
  `days` varchar(255) DEFAULT NULL,
  `amount` varchar(255) DEFAULT NULL,
  `description` longtext DEFAULT NULL,
  `image` varchar(255) DEFAULT NULL,
  `status` tinyint(1) NOT NULL DEFAULT 0,
  `date` datetime NOT NULL DEFAULT current_timestamp()
) ENGINE=InnoDB DEFAULT CHARSET=utf8mb4 COLLATE=utf8mb4_general_ci;

--
-- Dumping data for table `packages`
--

INSERT INTO `packages` (`id`, `name`, `slug`, `caption`, `color`, `percentage`, `daily_profit`, `currency`, `bonus`, `days`, `amount`, `description`, `image`, `status`, `date`) VALUES
(1, 'Bitcoin BTC', 'bitcoin-btc', 'Many desktop publishing packages and web page editors now use Lorem Ipsum as their default model text, and a search for \'lorem ipsum\' will uncover many web sites still in their infancy. Various versions have evolved over the years, sometimes by accident, sometimes on purpose (injected humor and the like).', NULL, NULL, NULL, NULL, NULL, NULL, '60,000', 't is a long established fact that a reader will be distracted by the readable content of a page when looking at its layout. The point of using Lorem Ipsum is that it has a more-or-less normal distribution of letters, as opposed to using \'Content here, content here\', making it look like readable English. Many desktop publishing packages and web page editors now use Lorem Ipsum as their default model text, and a search for \'lorem ipsum\' will uncover many web sites still in their infancy. Various versions have evolved over the years, sometimes by accident, sometimes on purpose (injected humour and the like).', '1708090282.png', 0, '2024-02-16 13:14:03'),
(2, 'Dash DASH', 'dash-dash', 'It was popularised in the 1960s with the release of Letraset sheets containing Lorem Ipsum passages, and more recently with desktop publishing software like Aldus PageMaker including versions of Lorem Ipsum', NULL, NULL, NULL, NULL, NULL, NULL, '50,000', 'Where can I get some? \r\nThere are many variations of passages of Lorem Ipsum available, but the majority have suffered alteration in some form, by injected humour, or randomised words which don\'t look even slightly believable. If you are going to use a passage of Lorem Ipsum, you need to be sure there isn\'t anything embarrassing hidden in the middle of text. All the Lorem Ipsum generators on the Internet tend to repeat predefined chunks as necessary, making this the first true generator on the Internet. It uses a dictionary of over 200 Latin words, combined with a handful of model sentence structures, to generate Lorem Ipsum which looks reasonable. The generated Lorem Ipsum is therefore always free from repetition, injected humour, or non-characteristic words etc.', '1708090220.png', 0, '2024-02-16 13:33:57'),
(3, 'Ethereum ETH', 'ethereum-eth', 'There are many variations of passages of Lorem Ipsum available, but the majority have suffered alteration in some form, by injected humour, or randomised words which don\'t look even slightly believable.', NULL, NULL, NULL, NULL, NULL, NULL, '30,000', 'If you are going to use a passage of Lorem Ipsum, you need to be sure there isn\'t anything embarrassing hidden in the middle of text. All the Lorem Ipsum generators on the Internet tend to repeat predefined chunks as necessary, making this the first true generator on the Internet. It uses a dictionary of over 200 Latin words, combined with a handful of model sentence structures, to generate Lorem Ipsum which looks reasonable. The generated Lorem Ipsum is therefore always free from repetition, injected humour, or non-characteristic words etc.', '1708090763.png', 0, '2024-02-16 14:39:23'),
(4, 'Litecoin LTC', 'litecoin-ltc', 'The standard chunk of Lorem Ipsum used since the 1500s is reproduced below for those interested. Sections 1.10.32 and 1.10.33 from \"de Finibus Bonorum et Malorum\" by Cicero are also reproduced in their exact original form, accompanied by English versions from the 1914 translation by H. Rackham.', NULL, NULL, NULL, NULL, NULL, NULL, '70,000', 'Contrary to popular belief, Lorem Ipsum is not simply random text. It has roots in a piece of classical Latin literature from 45 BC, making it over 2000 years old. Richard McClintock, a Latin professor at Hampden-Sydney College in Virginia, looked up one of the more obscure Latin words, consectetur, from a Lorem Ipsum passage, and going through the cites of the word in classical literature, discovered the undoubtable source. Lorem Ipsum comes from sections 1.10.32 and 1.10.33 of \"de Finibus Bonorum et Malorum\" (The Extremes of Good and Evil) by Cicero, written in 45 BC. This book is a treatise on the theory of ethics, very popular during the Renaissance. The first line of Lorem Ipsum, \"Lorem ipsum dolor sit amet..\", comes from a line in section 1.10.32.', '1708090872.png', 0, '2024-02-16 14:41:12'),
(5, 'Ripple XRP', 'ripple-xrp', 'Section 1.10.32 of \"de Finibus Bonorum et Malorum\", written by Cicero in 45 BC', NULL, NULL, NULL, NULL, NULL, NULL, '75,000', '\"Sed ut perspiciatis unde omnis iste natus error sit voluptatem accusantium doloremque laudantium, totam rem aperiam, eaque ipsa quae ab illo inventore veritatis et quasi architecto beatae vitae dicta sunt explicabo. Nemo enim ipsam voluptatem quia voluptas sit aspernatur aut odit aut fugit, sed quia consequuntur magni dolores eos qui ratione voluptatem sequi nesciunt. Neque porro quisquam est, qui dolorem ipsum quia dolor sit amet, consectetur, adipisci velit, sed quia non numquam eius modi tempora incidunt ut labore et dolore magnam aliquam quaerat voluptatem. Ut enim ad minima veniam, quis nostrum exercitationem ullam corporis suscipit laboriosam, nisi ut aliquid ex ea commodi consequatur? Quis autem vel eum iure reprehenderit qui in ea voluptate velit esse quam nihil molestiae consequatur, vel illum qui dolorem eum fugiat quo voluptas nulla pariatur?\"', '1708090998.png', 1, '2024-02-16 14:43:18'),
(6, 'Demo', 'demo', 'DemoDemoDemo', NULL, NULL, NULL, NULL, NULL, NULL, 'DemoDemo', 'DemoDemoDemoDemo', '1708204475.jpg', 1, '2024-02-17 22:14:35'),
(7, 'Deluxe', 'deluxe', 'Deluxe Package', 'orange', '5%', '30%', '$', '$400', '25', '30,000', 'The Centure team works hard\r\nto deliver exceptional financial results\r\nand increase our clients\' revenue.', '1723655764.png', 0, '2024-08-14 17:50:43'),
(8, 'Gold', 'gold', 'Gold Package', 'blue', '10%', '35%', '$', '$500', '20', '50,000', 'GoldThe Centure team works hard\r\nto deliver exceptional financial results\r\nand increase our clients\' revenue.', '1723670228.png', 0, '2024-08-14 17:55:01'),
(9, 'Premium', 'premium', 'Premium Package', 'green', '2%', '25%', '$', '$300', '30', '20,000', 'The Centure team works hard\r\nto deliver exceptional financial results\r\nand increase our clients\' revenue. ', '1723655679.png', 0, '2024-08-14 18:04:24');

-- --------------------------------------------------------

--
-- Table structure for table `payments`
--

CREATE TABLE `payments` (
  `id` int(11) NOT NULL,
  `user_id` int(11) NOT NULL,
  `proof` varchar(255) NOT NULL,
  `date` datetime NOT NULL DEFAULT current_timestamp(),
  `status` tinyint(4) DEFAULT 0 COMMENT '0=pending, 1=approved, 2=declined'
) ENGINE=InnoDB DEFAULT CHARSET=utf8mb4 COLLATE=utf8mb4_general_ci;

--
-- Dumping data for table `payments`
--

INSERT INTO `payments` (`id`, `user_id`, `proof`, `date`, `status`) VALUES
(1, 23, '1708508414.png', '2024-02-21 00:00:00', 2),
(2, 23, '1708508981.jpg', '2024-02-21 00:00:00', 2),
(3, 24, '1708512425.jpg', '2024-02-21 11:47:05', 1),
(4, 2, '1708597233.png', '2024-02-22 11:20:33', 2),
(5, 25, '1723448357.jpg', '2024-08-12 08:39:17', 2),
(6, 25, '1723512193.png', '2024-08-13 02:23:13', 0),
(7, 25, '1723519108.png', '2024-08-13 04:18:28', 0),
(8, 65, '1727958276.jpg', '2024-10-03 08:24:36', 0),
(9, 44, '1728100474.jpg', '2024-10-04 23:54:34', 0);

-- --------------------------------------------------------

--
-- Table structure for table `settings`
--

CREATE TABLE `settings` (
  `id` int(11) NOT NULL,
  `wallet_address` text DEFAULT NULL,
  `about` longtext DEFAULT NULL,
  `phone` varchar(255) DEFAULT NULL,
  `email` varchar(255) DEFAULT NULL,
  `office_address` longtext DEFAULT NULL,
  `withdrawal_error` text DEFAULT NULL,
  `payment_notice` text DEFAULT NULL,
  `facebook` varchar(255) DEFAULT NULL,
  `instagram` varchar(255) DEFAULT NULL,
  `twitter` varchar(255) DEFAULT NULL,
  `linkedIn` varchar(255) DEFAULT NULL,
  `youtube` varchar(255) DEFAULT NULL,
  `logo` varchar(255) DEFAULT NULL,
  `status` tinyint(4) NOT NULL DEFAULT 0,
  `date` datetime NOT NULL DEFAULT current_timestamp()
) ENGINE=InnoDB DEFAULT CHARSET=utf8mb4 COLLATE=utf8mb4_general_ci;

--
-- Dumping data for table `settings`
--

INSERT INTO `settings` (`id`, `wallet_address`, `about`, `phone`, `email`, `office_address`, `withdrawal_error`, `payment_notice`, `facebook`, `instagram`, `twitter`, `linkedIn`, `youtube`, `logo`, `status`, `date`) VALUES
(1, 'DxPEQkYZZrbyqrAQVukxtFR7JYrHcnhdC9UUQ1SSozvZ', 'At TradeEclipse, we believe that the best endorsement comes from satisfied clients. It\'s no surprise that many of our new clients are referrals from our current customers.', '', 'support@tradeeclipse.com', '795 South Park Avenue,\r\nMelbourne, Australia', 'Unable to withdraw! Please contact support@tradeeclipse.com for your Pin', 'Copy this wallet address to make payment, after making payment, upload the proof of payment on the \"proof section\".\r\nAfter confirmation, your current investment will be reflected.', 'facebook.com', 'instagram.com', 'twitter.com', 'linkedIn.com', 'youtube.com', '1723898864.png', 0, '2024-02-23 18:26:51');

-- --------------------------------------------------------

--
-- Table structure for table `transaction`
--

CREATE TABLE `transaction` (
  `id` int(11) NOT NULL,
  `user_id` int(11) NOT NULL,
  `invested_fund` float DEFAULT 0,
  `dividend` decimal(10,0) DEFAULT 0,
  `referral` decimal(10,0) DEFAULT 0,
  `withdrawn` decimal(10,0) DEFAULT 0,
  `status` tinyint(1) DEFAULT 0,
  `date` datetime NOT NULL DEFAULT current_timestamp()
) ENGINE=InnoDB DEFAULT CHARSET=utf8mb4 COLLATE=utf8mb4_general_ci;

--
-- Dumping data for table `transaction`
--

INSERT INTO `transaction` (`id`, `user_id`, `invested_fund`, `dividend`, `referral`, `withdrawn`, `status`, `date`) VALUES
(1, 2, 5000, 6000, 7000, 2000, 0, '2024-02-18 13:37:54'),
(2, 25, 1038, 103043, 4302, 2342, 0, '2024-02-21 18:36:53'),
(3, 26, 0, 0, 0, 0, 0, '2024-02-23 12:42:15'),
(4, 27, 0, 0, 0, 0, 0, '2024-02-28 11:09:00'),
(5, 28, 0, 0, 0, 0, 0, '2024-02-28 11:10:35'),
(6, 29, 0, 0, 0, 0, 0, '2024-03-12 13:59:37'),
(7, 30, 0, 0, 0, 0, 0, '2024-08-06 04:45:27'),
(8, 31, 0, 0, 0, 0, 0, '2024-08-06 04:45:54'),
(9, 32, 0, 0, 0, 0, 0, '2024-08-06 04:50:16'),
(10, 33, 0, 0, 0, 0, 0, '2024-08-14 18:44:18'),
(11, 34, 0, 0, 0, 0, 0, '2024-08-15 05:00:58'),
(12, 35, 2660, 8000, 0, 0, 0, '2024-08-15 22:49:36'),
(13, 36, 0, 0, 0, 0, 0, '2024-08-16 04:02:36'),
(14, 37, 0, 0, 0, 0, 0, '2024-08-16 08:09:20'),
(15, 38, 0, 0, 0, 0, 0, '2024-08-18 02:35:54'),
(16, 39, 0, 0, 0, 0, 0, '2024-08-18 02:50:43'),
(17, 40, 0, 0, 0, 0, 0, '2024-08-18 07:40:09'),
(18, 41, 0, 0, 0, 0, 0, '2024-08-18 08:25:28'),
(19, 42, 0, 0, 0, 0, 0, '2024-08-18 08:42:05'),
(20, 43, 1150, 5000, 0, 0, 0, '2024-08-19 05:28:12'),
(21, 44, 260, 1530, 0, 0, 0, '2024-08-24 13:32:23'),
(22, 45, 0, 0, 0, 0, 0, '2024-08-24 17:59:36'),
(23, 46, 0, 0, 0, 0, 0, '2024-08-24 22:04:13'),
(24, 47, 50, 300, 0, 0, 0, '2024-08-26 16:38:28'),
(25, 48, 100, 600, 0, 0, 0, '2024-08-27 12:07:28'),
(26, 49, 0, 0, 0, 0, 0, '2024-08-28 09:19:00'),
(27, 50, 250, 2000, 0, 0, 0, '2024-08-29 14:11:07'),
(28, 51, 400, 3100, 0, 0, 0, '2024-09-04 11:39:41'),
(29, 52, 0, 0, 0, 0, 0, '2024-09-05 19:29:25'),
(30, 53, 140, 2500, 0, 0, 0, '2024-09-06 07:03:59'),
(31, 54, 400, 3100, 0, 0, 0, '2024-09-06 20:17:42'),
(32, 55, 150, 900, 0, 0, 0, '2024-09-07 17:50:52'),
(33, 56, 250, 1220, 0, 0, 0, '2024-09-08 10:04:30'),
(34, 57, 0, 0, 0, 0, 0, '2024-09-11 14:28:37'),
(35, 58, 50, 250, 0, 0, 0, '2024-09-11 16:02:59'),
(36, 59, 400, 3500, 0, 0, 0, '2024-09-11 18:19:56'),
(37, 60, 0, 0, 0, 0, 0, '2024-09-11 22:46:54'),
(38, 61, 100, 500, 0, 0, 0, '2024-09-15 08:54:07'),
(39, 62, 400, 3100, 0, 0, 0, '2024-09-15 17:07:29'),
(40, 63, 100, 500, 0, 0, 0, '2024-09-21 15:22:32'),
(41, 64, 900, 6000, 0, 0, 0, '2024-09-22 12:42:23'),
(42, 65, 700, 4500, 0, 0, 0, '2024-10-02 15:41:52'),
(43, 66, 100, 600, 0, 0, 0, '2024-10-04 06:36:07'),
(44, 67, 100, 600, 0, 0, 0, '2024-10-11 13:51:24'),
(45, 68, 50, 500, 0, 0, 0, '2024-10-13 02:08:32'),
(46, 69, 50, 500, 0, 0, 0, '2024-10-13 15:03:10'),
(47, 70, 900, 6000, 0, 0, 0, '2024-10-15 19:44:46'),
(48, 71, 900, 6000, 0, 0, 0, '2024-10-16 00:21:44'),
(49, 72, 0, 0, 0, 0, 0, '2024-10-16 16:10:06'),
(50, 73, 0, 0, 0, 0, 0, '2024-10-16 16:13:23'),
(51, 74, 0, 0, 0, 0, 0, '2024-10-31 23:07:32');

-- --------------------------------------------------------

--
-- Table structure for table `users`
--

CREATE TABLE `users` (
  `id` int(11) NOT NULL,
  `full_name` varchar(255) DEFAULT NULL,
  `email` varchar(255) DEFAULT NULL,
  `password` varchar(255) DEFAULT NULL,
  `role` tinyint(1) NOT NULL,
  `access` tinytext NOT NULL DEFAULT '0' COMMENT '0 - unrestricted, 1 - restricted\r\n',
  `date_created` datetime NOT NULL DEFAULT current_timestamp()
) ENGINE=InnoDB DEFAULT CHARSET=utf8mb4 COLLATE=utf8mb4_general_ci;

--
-- Dumping data for table `users`
--

INSERT INTO `users` (`id`, `full_name`, `email`, `password`, `role`, `access`, `date_created`) VALUES
(2, 'Admin Manager', 'victorosaronwafor@gmail.com', '$2y$10$RfBSaMkx98esBoDVSlaFoe2zr0BNVrjmEzn9dBwTwSuqYg/ViMwTi', 2, '0', '2023-08-25 17:25:00'),
(25, 'Victor Olamide', 'osaronwaforvictor9@gmail.com', '$2y$10$RfBSaMkx98esBoDVSlaFoe2zr0BNVrjmEzn9dBwTwSuqYg/ViMwTi', 0, '0', '2024-02-21 18:36:53'),
(35, 'Eloise', 'emdvilleda@pm.me', '$2y$10$RfBSaMkx98esBoDVSlaFoe2zr0BNVrjmEzn9dBwTwSuqYg/ViMwTi', 0, '0', '2024-08-15 22:49:36'),
(36, 'dmitriy livanov livanov', 'dimitriy.livanov@mail.ru', '$2y$10$RfBSaMkx98esBoDVSlaFoe2zr0BNVrjmEzn9dBwTwSuqYg/ViMwTi', 0, '0', '2024-08-16 04:02:36'),
(38, 'victor', 'nwaforv69@gmail.com', '$2y$10$RfBSaMkx98esBoDVSlaFoe2zr0BNVrjmEzn9dBwTwSuqYg/ViMwTi', 0, '0', '2024-08-18 02:35:54'),
(40, 'Israel', 'israelmusa9@gmail.com', '$2y$10$lUp36Ni/6vzj4rIVdc4rl.CUxcbbfA54oceUVIGzK7DWbL///4kui', 0, '0', '2024-08-18 07:40:09'),
(41, 'Trade Admin Support', 'support@tradeeclipse.com', '$2y$10$n8L.o1WKWpg7f9PMjwNngOTdw22boWvy9UHB6oBlHToLqbQtmxUM.', 2, '0', '2024-08-18 08:25:28'),
(42, 'Israel Admin', 'israelmusa9@gmail.com', '$2y$10$D3JzZSvr1OzxOqNQxy5JlunqJ6U61zzWEV4Q2AUIFXycfCsjE.ytO', 2, '0', '2024-08-18 08:42:05'),
(43, 'Angel Jesus Martinez Guerrero', 'angeljesusmartinez@gmail.com', '$2y$10$dWDxIojsNfKqIG7qxcgjzOMM9MeqAYdAGulAdIxi2jw3NwzqV0gEe', 0, '0', '2024-08-19 05:28:12'),
(44, 'Addit Mamani Balcazar', '012345additm@gmail.com', '$2y$10$DfS7rDnxr1NEvOgh0npuked6NovB3gsXI6nOXUtjNYGj227oDwdee', 0, '0', '2024-08-24 13:32:23'),
(45, 'Roberto Arturo Reyes ', 'Ifuotrebor@gmail.com', '$2y$10$i5bEHWSp9LKpKHdzlVo12uLVvSPESulSCvx3tSBEKZ1XCdu6.HOiK', 0, '0', '2024-08-24 17:59:36'),
(46, 'Orleannys Goitia', 'orlegoitia24@gmail.com', '$2y$10$PubgeSG4LwejIynpqPy6/u15poYlEM74qCb85KQIJWNu.tpTU0yYu', 0, '0', '2024-08-24 22:04:13'),
(47, 'Pedro José Gil angelino ', 'Pedroangelino76@gmail.com', '$2y$10$8sI7DRDDcpg.BLpPWNC.KOv2VZZDIRyADSfNxnsBm1Th.tl73x4Q.', 0, '0', '2024-08-26 16:38:28'),
(48, 'ALBERTO JOHANN RAMIREZ LONDOÑO', 'johannramirezibague@gmail.com', '$2y$10$NBaidOeyaXtGOxyRTySuNeAJ/y8VcViPXt7/zAAkApXLBciOoVi2e', 0, '0', '2024-08-27 12:07:28'),
(49, 'Luis', 'luis1234@yopmail.com', '$2y$10$lE/zUC67AIokumQGquVAeO.g7/swwtl.KIsd.ryuMfOCxHt9Qu2nG', 0, '0', '2024-08-28 09:19:00'),
(50, 'Gabriel', 'barrosoema8@gmail.com', '$2y$10$CLQOOL6ECvcNyutjblQGee72S/cGaoahrx9n6rRQw0U5PcSJ/0b7K', 0, '0', '2024-08-29 14:11:07'),
(51, 'Joaquín Talero ', 'talerojoaquin@gmail.com', '$2y$10$1owoym2F6s7w/ig2z5tQCOoe0WL/hXegHmjRLlMsMSkF9uCOz1LLu', 0, '0', '2024-09-04 11:39:41'),
(52, 'Hernan', 'zunigapolinarh@gmail.com', '$2y$10$k8jVuBPHo6q0Oy4VpN/e8uz8yy2uUpyRhHaKmI3/DSvAwhWRv/YHW', 0, '0', '2024-09-05 19:29:25'),
(53, 'Nelson matamoros ', 'nelsonmatamoros17@gmail.com', '$2y$10$19KsCwEma91OCXgkiaEhPOOn5s9qM8Mxc2SkDhdk3vt3z2x6bdlUm', 0, '0', '2024-09-06 07:03:59'),
(54, 'Hilda Peralta', 'hildayaperalta@gmail.com', '$2y$10$9CLDIGVfbmq7tLxvUEoeUu7xGhZPlP8HhMfMVa1WAlJHvFB.nrb62', 0, '0', '2024-09-06 20:17:42'),
(55, 'Leonardo Barrera', 'Leonardobarrera1407@gmail.com', '$2y$10$lGlaBMPIhrq5xLrNdv5oRu1im9L4rlwqlxNS12JDsFmg8wLO.MyH2', 0, '0', '2024-09-07 17:50:52'),
(56, 'yanet peralta', 'peraltavalentierrahildayanet@gmail.com', '$2y$10$KNA0Tabb6JG03aJFZilZ/OWOMzJ2QB/rF9tXloe6dE2Ahfba4Lg6q', 0, '0', '2024-09-08 10:04:30'),
(57, 'Wd2Egn', 'V7jKlmVn@gmail.com', '$2y$10$P9/7h1qxPyIqJs9ZujfX9eHj1Hf.Amz9ve81kbRAOSY1v/kH.CBei', 0, '0', '2024-09-11 14:28:37'),
(58, 'Luz Nory ', 'luzcalderonol33@gmail.com', '$2y$10$1WKMQQn6yhbHNyILgZBvyumiY1dB8mfG0u3G4PBeHUVxOFFbvDOCW', 0, '0', '2024-09-11 16:02:59'),
(59, 'Sonia Serrano Millán ', 'soniaserrano.salazar@gmail.com', '$2y$10$StSNLLa3G9PXYAmqvFpXAOf4wdm8KHCvU68zv6ciBUDO.CBtp0zx.', 0, '0', '2024-09-11 18:19:56'),
(60, 'Aiskel ', 'aiskelluzardo1@gmail.com', '$2y$10$OX/VA0wEL87Ho2svFo1rXu8qPUukrZAJkC1YhLclXSQ3gVETggPvW', 0, '0', '2024-09-11 22:46:54'),
(61, 'Francy gonzalez', 'francy0112@outlook.com', '$2y$10$ws9I5zmNtM8T8DxoM6HxuuuKAOtRaJeMwj2ozCGDFlAzPQCM5mH/O', 0, '0', '2024-09-15 08:54:07'),
(62, 'Jaiden Romero Sierra ', 'jotaerre6416@hotmail.com', '$2y$10$baylDLgOxfRAjDn3lruBFuzmDcPANehIR2LdKmMCRnwPqEdDMa8Q6', 0, '0', '2024-09-15 17:07:29'),
(63, 'José Luis Charry ', 'joseluis.charry12@gmail.com', '$2y$10$HGETDTshCeX.kLsH6l1zh.iBV8p/xMIfHc4Lv1dadwk0/gOqe4IJm', 0, '0', '2024-09-21 15:22:32'),
(64, 'Claudia Alamilla', 'clah_al@live.com.mx', '$2y$10$gK/tiijhCSr/hbjYFDmeBuFbcBmecYiw4guByCMyHT3cjfYJUsf2C', 0, '0', '2024-09-22 12:42:23'),
(65, 'Adriana ', 'maadri8215@gmail.com', '$2y$10$vwalk6rkxIiUBsOzPgo1vOs1ZfEYs2AB3/ktXlFqqt4fWgciR4iFS', 0, '0', '2024-10-02 15:41:52'),
(66, 'Nieves', 'tiritinieves@hotmail.com', '$2y$10$kcB28.iuWVoOgJLLHZHQ9eTwHkcpKxghwm5iPfGkqNSXNmyFfWy9K', 0, '0', '2024-10-04 06:36:07'),
(67, 'Alfredo J Santiago Luna', 'alfredosantiago38@gmail.com', '$2y$10$3QyxvYNE79ud6x.UxvXXAOGQlFTMYToL7vetIV2W7ZdYACWdp81ga', 0, '0', '2024-10-11 13:51:24'),
(68, 'Hernan', 'miltonhernaenriquez27@gmail.com', '$2y$10$VaiszJkcDVIak2viKPYyZ.5HwQucCYaaEQgJl7VhOpwmmWlSUJWue', 0, '0', '2024-10-13 02:08:32'),
(69, 'Milton ', 'miltonenriquez27@gmail.com', '$2y$10$OhxXRG3fAyzRnQvf1lBeEOrV6VqQUezlN9AVGC46k6Co0n/jVFhga', 0, '0', '2024-10-13 15:03:10'),
(70, 'Claudia Alamilla', 'lucero.alamilla71@gmail.com', '$2y$10$XAEMgWTlnr6pT5HuTcH2zOlKclc05W/W5all3r5FklrrSU1CIi8Cq', 0, '0', '2024-10-15 19:44:46'),
(71, 'Lucero Alamilla ', 'lucero.alamillaa71@gmail.com', '$2y$10$zTYXaJNBAMzkFq1KbLrBCuEYZwsRWZ4A76iKNHjFmDP8Qy/TmInsC', 0, '0', '2024-10-16 00:21:44'),
(72, 'Big ', 'Santossambala@gmail.com', '$2y$10$AAn4adUbGZ5EzsPEJSoNnO1GV0t.sDLOS0YOSqj9fqTOwHuhQSGCG', 0, '0', '2024-10-16 16:10:06'),
(73, 'BIGTWINS ', 'ajibolat141@gmail.com', '$2y$10$k7C0jQHWZPT1dsFS0hK6OudrWNc0F.Rb9ZtrD6gRsZO7C6/aauJZW', 0, '0', '2024-10-16 16:13:23'),
(74, 'Eden fragozo', 'Edenfragozo@gmail.com', '$2y$10$R104Oiq.luhtGOFmtiebdOqNozPgjYYPdZEGU1RXqE9D9wd48KXta', 0, '0', '2024-10-31 23:07:32');

-- --------------------------------------------------------

--
-- Table structure for table `visitors`
--

CREATE TABLE `visitors` (
  `id` int(11) NOT NULL,
  `ip_address` varchar(1000) NOT NULL,
  `page_url` varchar(255) NOT NULL
) ENGINE=MyISAM DEFAULT CHARSET=latin1 COLLATE=latin1_swedish_ci;

--
-- Dumping data for table `visitors`
--

INSERT INTO `visitors` (`id`, `ip_address`, `page_url`) VALUES
(1, '::1', 'http://localhost/tradeeclipse/index.php'),
(2, '::1', 'http://localhost/tradeeclipse/dashboard.php'),
(3, '::1', 'http://localhost/tradeeclipse/invest.php?package=litecoin-ltc'),
(4, '::1', 'http://localhost/tradeeclipse/faq.php'),
(5, '::1', 'http://localhost/tradeeclipse/contact.php'),
(6, '::1', 'http://localhost/tradeeclipse/invest.php?package=premium'),
(7, '::1', 'http://localhost/tradeeclipse/index.php?logout=true'),
(8, '105.112.124.21', 'http://www.tradeeclipse.com/faq.php'),
(9, '105.112.124.21', 'http://www.tradeeclipse.com/index.php'),
(10, '105.112.124.21', 'http://www.tradeeclipse.com/about.php'),
(11, '129.205.113.177', 'http://www.tradeeclipse.com/dashboard.php'),
(12, '129.205.113.177', 'http://www.tradeeclipse.com/invest.php?package=litecoin-ltc'),
(13, '105.112.124.21', 'http://www.tradeeclipse.com/how-it-works.php'),
(14, '105.112.124.21', 'http://www.tradeeclipse.com/contact.php'),
(15, '129.205.113.177', 'http://tradeeclipse.com/index.php'),
(16, '105.112.127.132', 'http://tradeeclipse.com/index.php'),
(17, '105.112.124.21', 'http://www.tradeeclipse.com/privacy.php'),
(18, '105.112.123.140', 'http://www.tradeeclipse.com/about.php'),
(19, '105.112.123.140', 'http://www.tradeeclipse.com/how-it-works.php'),
(20, '105.112.123.140', 'http://www.tradeeclipse.com/index.php'),
(21, '106.219.166.203', 'http://tradeeclipse.com/index.php'),
(22, '106.219.166.203', 'http://tradeeclipse.com/contact.php'),
(23, '106.219.166.203', 'http://tradeeclipse.com/contact.php?name=Sam+Morris&email=applicationdevelopment03%40gmail.com&phone=1234567890&subject=Re%3A+Innovative+Website+Redevelopment+Proposal&message=Greetings+of+the%C2%A0day%21%C2%A0%0D%0A%0D%0AI+was+reviewing%C2%A0your+website'),
(24, '129.226.147.7', 'http://tradeeclipse.com/index.php'),
(25, '43.159.140.236', 'http://tradeeclipse.com/contact.php'),
(26, '204.15.64.226', 'http://tradeeclipse.com/index.php'),
(27, '43.128.110.17', 'http://www.tradeeclipse.com/index.php'),
(28, '20.5.197.213', 'http://tradeeclipse.com/index.php'),
(29, '123.187.240.242', 'http://www.tradeeclipse.com/index.php'),
(30, '38.170.177.179', 'http://tradeeclipse.com/index.php'),
(31, '45.139.66.46', 'http://tradeeclipse.com/index.php'),
(32, '34.238.40.8', 'http://tradeeclipse.com/index.php'),
(33, '129.205.113.169', 'http://www.tradeeclipse.com/index.php'),
(34, '129.205.113.169', 'http://www.tradeeclipse.com/dashboard.php'),
(35, '129.205.113.169', 'http://www.tradeeclipse.com/invest.php?package=premium'),
(36, '129.205.113.169', 'http://www.tradeeclipse.com/invest.php?package=gold'),
(37, '44.227.127.2', 'http://tradeeclipse.com/index.php'),
(38, '44.227.127.2', 'http://www.tradeeclipse.com/index.php'),
(39, '102.88.71.170', 'http://www.tradeeclipse.com/index.php'),
(40, '40.113.118.83', 'http://tradeeclipse.com/index.php'),
(41, '43.130.7.211', 'http://tradeeclipse.com/index.php'),
(42, '43.134.66.205', 'http://www.tradeeclipse.com/index.php'),
(43, '43.163.6.124', 'http://www.tradeeclipse.com/privacy.php'),
(44, '150.109.16.20', 'http://www.tradeeclipse.com/how-it-works.php'),
(45, '85.175.240.9', 'http://tradeeclipse.com/index.php'),
(46, '54.148.162.243', 'http://tradeeclipse.com/index.php'),
(47, '31.181.98.50', 'http://tradeeclipse.com/index.php'),
(48, '43.135.181.13', 'http://tradeeclipse.com/index.php'),
(49, '43.134.170.46', 'http://tradeeclipse.com/faq.php'),
(50, '43.134.170.46', 'http://tradeeclipse.com/index.php'),
(51, '43.163.8.36', 'http://tradeeclipse.com/privacy.php'),
(52, '43.153.4.205', 'http://tradeeclipse.com/how-it-works.php'),
(53, '102.88.71.3', 'http://www.tradeeclipse.com/index.php'),
(54, '195.90.221.76', 'http://tradeeclipse.com/index.php'),
(55, '140.228.24.10', 'http://tradeeclipse.com/index.php'),
(56, '102.89.34.60', 'http://www.tradeeclipse.com/index.php'),
(57, '149.154.161.196', 'http://www.tradeeclipse.com/index.php'),
(58, '76.183.145.4', 'http://www.tradeeclipse.com/index.php'),
(59, '43.128.110.17', 'http://tradeeclipse.com/index.php'),
(60, '43.153.216.189', 'http://tradeeclipse.com/about.php'),
(61, '43.133.77.208', 'http://www.tradeeclipse.com/index.php'),
(62, '43.163.1.85', 'http://www.tradeeclipse.com/index.php'),
(63, '43.163.1.85', 'http://www.tradeeclipse.com/faq.php'),
(64, '43.163.1.85', 'http://www.tradeeclipse.com/contact.php'),
(65, '76.183.145.4', 'http://www.tradeeclipse.com/dashboard.php'),
(66, '76.183.145.4', 'http://www.tradeeclipse.com/dashboard.php?logout=true'),
(67, '192.154.196.58', 'http://www.tradeeclipse.com/index.php'),
(68, '38.18.1.18', 'http://www.tradeeclipse.com/index.php'),
(69, '192.154.196.58', 'http://www.tradeeclipse.com/dashboard.php'),
(70, '34.98.143.102', 'http://www.tradeeclipse.com/index.php'),
(71, '34.86.212.119', 'http://www.tradeeclipse.com/index.php'),
(72, '34.98.143.101', 'http://www.tradeeclipse.com/index.php'),
(73, '3.139.94.88', 'http://www.tradeeclipse.com/index.php'),
(74, '3.140.196.233', 'http://www.tradeeclipse.com/index.php'),
(75, '66.249.68.6', 'http://www.tradeeclipse.com/index.php'),
(76, '66.249.68.5', 'http://www.tradeeclipse.com/index.php'),
(77, '34.98.143.103', 'http://www.tradeeclipse.com/index.php'),
(78, '192.154.196.58', 'http://www.tradeeclipse.com/invest.php?package=premium'),
(79, '192.154.196.58', 'http://www.tradeeclipse.com/how-it-works.php'),
(80, '102.88.69.162', 'http://www.tradeeclipse.com/index.php'),
(81, '149.12.167.98', 'http://www.tradeeclipse.com/index.php'),
(82, '142.252.248.12', 'http://www.tradeeclipse.com/index.php'),
(83, '20.197.112.229', 'http://www.tradeeclipse.com/index.php'),
(84, '52.167.144.16', 'http://www.tradeeclipse.com/index.php'),
(85, '52.167.144.16', 'http://www.tradeeclipse.com/contact.php'),
(86, '52.167.144.16', 'http://www.tradeeclipse.com/faq.php'),
(87, '52.167.144.235', 'http://www.tradeeclipse.com/how-it-works.php'),
(88, '52.167.144.221', 'http://www.tradeeclipse.com/index.php'),
(89, '52.167.144.221', 'http://www.tradeeclipse.com/about.php'),
(90, '192.154.196.58', 'http://www.tradeeclipse.com/invest.php?package=litecoin-ltc'),
(91, '93.159.230.88', 'http://tradeeclipse.com/index.php'),
(92, '192.154.196.58', 'http://www.tradeeclipse.com/about.php'),
(93, '52.167.144.18', 'http://www.tradeeclipse.com/about.php'),
(94, '40.77.167.55', 'http://www.tradeeclipse.com/how-it-works.php'),
(95, '192.154.196.58', 'http://www.tradeeclipse.com/invest.php?package=gold'),
(96, '192.42.116.219', 'http://www.tradeeclipse.com/index.php'),
(97, '34.123.170.104', 'http://www.tradeeclipse.com/index.php'),
(98, '205.169.39.87', 'http://www.tradeeclipse.com/index.php'),
(99, '205.169.39.38', 'http://www.tradeeclipse.com/index.php'),
(100, '95.164.100.228', 'http://www.tradeeclipse.com/index.php'),
(101, '159.148.216.172', 'http://www.tradeeclipse.com/index.php'),
(102, '102.129.234.37', 'http://www.tradeeclipse.com/index.php'),
(103, '205.169.39.164', 'http://www.tradeeclipse.com/index.php'),
(104, '182.42.111.156', 'http://www.tradeeclipse.com/index.php'),
(105, '66.56.81.234', 'http://www.tradeeclipse.com/index.php'),
(106, '135.148.195.7', 'http://tradeeclipse.com/index.php'),
(107, '51.83.243.162', 'http://www.tradeeclipse.com/index.php'),
(108, '85.172.6.206', 'http://tradeeclipse.com/index.php'),
(109, '85.172.6.206', 'http://tradeeclipse.com/dashboard.php'),
(110, '164.92.83.200', 'http://tradeeclipse.com/index.php'),
(111, '129.205.113.177', 'http://www.tradeeclipse.com/index.php'),
(112, '195.191.219.131', 'http://tradeeclipse.com/index.php'),
(113, '195.191.219.131', 'http://www.tradeeclipse.com/index.php'),
(114, '105.112.225.219', 'http://tradeeclipse.com/index.php'),
(115, '138.197.18.206', 'http://tradeeclipse.com/index.php'),
(116, '105.112.225.219', 'http://www.tradeeclipse.com/index.php'),
(117, '105.112.127.132', 'http://www.tradeeclipse.com/index.php'),
(118, '222.249.228.245', 'http://tradeeclipse.com/index.php'),
(119, '104.166.80.87', 'http://tradeeclipse.com/index.php'),
(120, '176.227.243.222', 'http://www.tradeeclipse.com/index.php'),
(121, '106.227.49.113', 'http://tradeeclipse.com/index.php'),
(122, '43.131.62.4', 'http://www.tradeeclipse.com/index.php'),
(123, '43.163.1.85', 'http://www.tradeeclipse.com/about.php'),
(124, '35.162.203.72', 'http://tradeeclipse.com/index.php'),
(125, '217.182.134.106', 'http://tradeeclipse.com/about.php'),
(126, '217.182.134.106', 'http://tradeeclipse.com/contact.php'),
(127, '217.182.134.106', 'http://tradeeclipse.com/faq.php'),
(128, '217.182.134.106', 'http://tradeeclipse.com/how-it-works.php'),
(129, '217.182.134.106', 'http://tradeeclipse.com/index.php'),
(130, '217.182.134.106', 'http://tradeeclipse.com/privacy.php'),
(131, '217.182.134.106', 'http://www.tradeeclipse.com/about.php'),
(132, '217.182.134.106', 'http://www.tradeeclipse.com/contact.php'),
(133, '217.182.134.106', 'http://www.tradeeclipse.com/faq.php'),
(134, '217.182.134.106', 'http://www.tradeeclipse.com/how-it-works.php'),
(135, '217.182.134.106', 'http://www.tradeeclipse.com/index.php'),
(136, '217.182.134.106', 'http://www.tradeeclipse.com/privacy.php'),
(137, '192.154.196.182', 'http://www.tradeeclipse.com/index.php'),
(138, '192.154.196.182', 'http://www.tradeeclipse.com/dashboard.php'),
(139, '52.167.144.168', 'http://www.tradeeclipse.com/index.php'),
(140, '205.210.31.88', 'http://tradeeclipse.com/index.php'),
(141, '104.166.80.53', 'http://tradeeclipse.com/index.php'),
(142, '2.236.112.207', 'http://tradeeclipse.com/index.php'),
(143, '43.159.128.68', 'http://tradeeclipse.com/index.php'),
(144, '43.155.138.79', 'http://tradeeclipse.com/contact.php'),
(145, '191.96.168.200', 'http://www.tradeeclipse.com/index.php'),
(146, '51.178.81.195', 'http://www.tradeeclipse.com/index.php'),
(147, '104.244.209.71', 'http://www.tradeeclipse.com/index.php'),
(148, '155.4.131.116', 'http://www.tradeeclipse.com/index.php'),
(149, '138.197.92.5', 'http://tradeeclipse.com/index.php'),
(150, '206.168.34.212', 'http://tradeeclipse.com/index.php'),
(151, '206.168.34.59', 'http://tradeeclipse.com/index.php'),
(152, '43.131.62.4', 'http://tradeeclipse.com/index.php'),
(153, '40.77.167.8', 'http://www.tradeeclipse.com/index.php'),
(154, '198.235.24.55', 'http://www.tradeeclipse.com/index.php'),
(155, '123.233.114.34', 'http://tradeeclipse.com/index.php'),
(156, '123.233.114.34', 'http://tradeeclipse.com/about.php'),
(157, '54.176.141.81', 'http://tradeeclipse.com/index.php'),
(158, '36.111.67.189', 'http://www.tradeeclipse.com/index.php'),
(159, '198.235.24.9', 'http://tradeeclipse.com/index.php'),
(160, '23.172.112.238', 'http://tradeeclipse.com/index.php'),
(161, '79.142.77.73', 'http://tradeeclipse.com/index.php'),
(162, '49.51.204.74', 'http://tradeeclipse.com/index.php'),
(163, '172.253.212.118', 'http://www.tradeeclipse.com/index.php'),
(164, '40.77.167.5', 'http://www.tradeeclipse.com/how-it-works.php'),
(165, '176.126.103.79', 'http://tradeeclipse.com/index.php'),
(166, '123.60.68.42', 'http://www.tradeeclipse.com/index.php'),
(167, '217.114.43.60', 'http://tradeeclipse.com/index.php'),
(168, '178.249.214.20', 'http://tradeeclipse.com/index.php'),
(169, '43.163.3.58', 'http://www.tradeeclipse.com/index.php'),
(170, '182.42.110.255', 'http://tradeeclipse.com/index.php'),
(171, '34.222.144.23', 'http://tradeeclipse.com/index.php'),
(172, '43.131.48.214', 'http://tradeeclipse.com/index.php'),
(173, '40.77.167.247', 'http://www.tradeeclipse.com/index.php'),
(174, '172.253.212.121', 'http://www.tradeeclipse.com/index.php'),
(175, '49.51.179.103', 'http://tradeeclipse.com/index.php'),
(176, '154.16.192.237', 'http://tradeeclipse.com/index.php'),
(177, '18.221.134.180', 'http://tradeeclipse.com/index.php'),
(178, '40.77.167.152', 'http://www.tradeeclipse.com/privacy.php'),
(179, '43.157.66.187', 'http://www.tradeeclipse.com/index.php'),
(180, '43.130.3.122', 'http://www.tradeeclipse.com/privacy.php'),
(181, '49.51.204.74', 'http://www.tradeeclipse.com/how-it-works.php'),
(182, '130.255.166.24', 'http://tradeeclipse.com/index.php'),
(183, '60.188.57.0', 'http://www.tradeeclipse.com/index.php'),
(184, '105.112.118.243', 'http://tradeeclipse.com/index.php'),
(185, '105.112.118.243', 'http://tradeeclipse.com/dashboard.php'),
(186, '105.112.120.82', 'http://www.tradeeclipse.com/index.php'),
(187, '105.112.120.82', 'http://www.tradeeclipse.com/faq.php'),
(188, '105.112.120.82', 'http://www.tradeeclipse.com/about.php'),
(189, '105.112.120.82', 'http://www.tradeeclipse.com/privacy.php'),
(190, '105.112.120.82', 'http://www.tradeeclipse.com/contact.php'),
(191, '105.112.120.82', 'http://www.tradeeclipse.com/how-it-works.php'),
(192, '105.112.118.243', 'http://tradeeclipse.com/dashboard.php?logout=true'),
(193, '198.235.24.171', 'http://tradeeclipse.com/index.php'),
(194, '193.32.127.216', 'http://tradeeclipse.com/index.php'),
(195, '129.205.113.176', 'http://www.tradeeclipse.com/index.php'),
(196, '52.167.144.220', 'http://www.tradeeclipse.com/index.php'),
(197, '165.232.144.20', 'http://tradeeclipse.com/index.php'),
(198, '105.112.114.42', 'http://www.tradeeclipse.com/index.php'),
(199, '105.112.114.42', 'http://www.tradeeclipse.com/dashboard.php'),
(200, '105.112.125.133', 'http://tradeeclipse.com/index.php'),
(201, '105.112.114.42', 'http://tradeeclipse.com/index.php'),
(202, '102.67.30.228', 'http://tradeeclipse.com/index.php'),
(203, '105.112.125.133', 'http://tradeeclipse.com/dashboard.php'),
(204, '43.134.66.205', 'http://tradeeclipse.com/index.php'),
(205, '35.91.73.129', 'http://tradeeclipse.com/index.php'),
(206, '43.134.37.211', 'http://www.tradeeclipse.com/index.php'),
(207, '43.155.166.202', 'http://www.tradeeclipse.com/contact.php'),
(208, '43.159.140.236', 'http://www.tradeeclipse.com/index.php'),
(209, '43.159.140.236', 'http://www.tradeeclipse.com/faq.php'),
(210, '43.130.32.224', 'http://tradeeclipse.com/index.php'),
(211, '157.55.39.204', 'http://www.tradeeclipse.com/faq.php'),
(212, '192.154.196.171', 'http://www.tradeeclipse.com/faq.php'),
(213, '192.154.196.171', 'http://www.tradeeclipse.com/contact.php'),
(214, '157.55.39.59', 'http://www.tradeeclipse.com/faq.php'),
(215, '157.55.39.53', 'http://www.tradeeclipse.com/index.php'),
(216, '45.77.187.229', 'http://tradeeclipse.com/index.php'),
(217, '119.13.199.225', 'http://www.tradeeclipse.com/index.php'),
(218, '43.130.3.122', 'http://tradeeclipse.com/index.php'),
(219, '129.205.113.192', 'http://www.tradeeclipse.com/index.php'),
(220, '43.155.166.202', 'http://tradeeclipse.com/faq.php'),
(221, '43.155.136.16', 'http://tradeeclipse.com/how-it-works.php'),
(222, '157.55.39.14', 'http://www.tradeeclipse.com/index.php'),
(223, '43.130.62.164', 'http://tradeeclipse.com/index.php'),
(224, '34.245.17.202', 'http://tradeeclipse.com/index.php'),
(225, '43.130.3.122', 'http://tradeeclipse.com/about.php'),
(226, '43.130.3.122', 'http://tradeeclipse.com/privacy.php'),
(227, '43.130.39.101', 'http://www.tradeeclipse.com/index.php'),
(228, '192.154.196.188', 'http://www.tradeeclipse.com/faq.php'),
(229, '192.154.196.188', 'http://www.tradeeclipse.com/contact.php'),
(230, '157.55.39.53', 'http://www.tradeeclipse.com/faq.php'),
(231, '157.55.39.53', 'http://www.tradeeclipse.com/contact.php'),
(232, '94.247.172.129', 'http://www.tradeeclipse.com/index.php'),
(233, '157.55.39.9', 'http://www.tradeeclipse.com/contact.php'),
(234, '49.51.36.179', 'http://tradeeclipse.com/privacy.php'),
(235, '49.51.72.76', 'http://www.tradeeclipse.com/about.php'),
(236, '195.191.219.130', 'http://tradeeclipse.com/index.php'),
(237, '195.191.219.130', 'http://www.tradeeclipse.com/index.php'),
(238, '198.235.24.31', 'http://www.tradeeclipse.com/index.php'),
(239, '43.163.6.35', 'http://www.tradeeclipse.com/about.php'),
(240, '157.55.39.54', 'http://www.tradeeclipse.com/index.php'),
(241, '43.131.48.214', 'http://www.tradeeclipse.com/index.php'),
(242, '102.88.71.21', 'http://www.tradeeclipse.com/index.php'),
(243, '92.176.42.159', 'http://www.tradeeclipse.com/index.php'),
(244, '92.176.42.159', 'http://www.tradeeclipse.com/dashboard.php'),
(245, '207.46.13.14', 'http://www.tradeeclipse.com/about.php'),
(246, '92.176.42.159', 'http://www.tradeeclipse.com/about.php'),
(247, '92.176.42.159', 'http://www.tradeeclipse.com/contact.php'),
(248, '43.159.128.68', 'http://www.tradeeclipse.com/index.php'),
(249, '105.112.220.22', 'http://www.tradeeclipse.com/index.php'),
(250, '102.67.30.228', 'http://www.tradeeclipse.com/index.php'),
(251, '124.236.100.56', 'http://tradeeclipse.com/index.php'),
(252, '128.90.170.4', 'http://tradeeclipse.com/index.php'),
(253, '157.55.39.201', 'http://www.tradeeclipse.com/faq.php'),
(254, '43.155.160.173', 'http://tradeeclipse.com/contact.php'),
(255, '54.38.112.213', 'http://tradeeclipse.com/index.php'),
(256, '182.44.2.148', 'http://tradeeclipse.com/index.php'),
(257, '45.32.165.75', 'http://tradeeclipse.com/index.php'),
(258, '157.55.39.201', 'http://www.tradeeclipse.com/about.php'),
(259, '43.134.37.211', 'http://tradeeclipse.com/index.php'),
(260, '207.46.13.6', 'http://www.tradeeclipse.com/contact.php'),
(261, '42.83.147.34', 'http://tradeeclipse.com/index.php'),
(262, '52.204.225.81', 'http://tradeeclipse.com/index.php'),
(263, '157.55.39.201', 'http://www.tradeeclipse.com/index.php'),
(264, '52.250.48.155', 'http://tradeeclipse.com/index.php'),
(265, '52.250.48.155', 'http://www.tradeeclipse.com/index.php'),
(266, '52.250.48.155', 'http://tradeeclipse.com/about.php'),
(267, '52.250.48.155', 'http://www.tradeeclipse.com/about.php'),
(268, '52.250.48.155', 'http://tradeeclipse.com/contact.php'),
(269, '52.250.48.155', 'http://www.tradeeclipse.com/contact.php'),
(270, '143.198.42.164', 'http://tradeeclipse.com/index.php'),
(271, '20.105.137.134', 'http://tradeeclipse.com/index.php'),
(272, '207.46.13.7', 'http://www.tradeeclipse.com/faq.php'),
(273, '43.133.72.69', 'http://www.tradeeclipse.com/index.php'),
(274, '170.106.104.42', 'http://www.tradeeclipse.com/index.php'),
(275, '43.134.190.89', 'http://www.tradeeclipse.com/how-it-works.php'),
(276, '43.134.190.89', 'http://www.tradeeclipse.com/privacy.php'),
(277, '198.235.24.28', 'http://tradeeclipse.com/index.php'),
(278, '154.47.78.150', 'http://www.tradeeclipse.com/contact.php'),
(279, '34.98.143.102', 'http://www.tradeeclipse.com/contact.php'),
(280, '13.59.84.145', 'http://www.tradeeclipse.com/contact.php'),
(281, '3.145.213.247', 'http://www.tradeeclipse.com/contact.php'),
(282, '34.125.230.24', 'http://www.tradeeclipse.com/contact.php'),
(283, '91.90.42.154', 'http://www.tradeeclipse.com/contact.php'),
(284, '34.98.143.103', 'http://www.tradeeclipse.com/contact.php'),
(285, '38.18.1.109', 'http://www.tradeeclipse.com/contact.php'),
(286, '207.46.13.150', 'http://www.tradeeclipse.com/faq.php'),
(287, '157.55.39.48', 'http://www.tradeeclipse.com/contact.php'),
(288, '205.169.39.80', 'http://www.tradeeclipse.com/contact.php'),
(289, '119.13.195.91', 'http://www.tradeeclipse.com/contact.php'),
(290, '180.149.24.228', 'http://www.tradeeclipse.com/index.php'),
(291, '78.141.220.163', 'http://tradeeclipse.com/index.php'),
(292, '124.226.222.66', 'http://tradeeclipse.com/index.php'),
(293, '66.249.66.198', 'http://tradeeclipse.com/index.php'),
(294, '176.100.243.133', 'http://www.tradeeclipse.com/contact.php'),
(295, '42.83.147.56', 'http://tradeeclipse.com/index.php'),
(296, '198.244.133.156', 'http://www.tradeeclipse.com/contact.php'),
(297, '35.171.144.152', 'http://tradeeclipse.com/index.php'),
(298, '35.171.144.152', 'http://www.tradeeclipse.com/index.php'),
(299, '43.163.0.99', 'http://tradeeclipse.com/index.php'),
(300, '43.134.170.46', 'http://www.tradeeclipse.com/index.php'),
(301, '43.134.170.46', 'http://www.tradeeclipse.com/faq.php'),
(302, '43.134.170.46', 'http://www.tradeeclipse.com/contact.php'),
(303, '207.46.13.87', 'http://www.tradeeclipse.com/faq.php'),
(304, '5.196.160.191', 'http://tradeeclipse.com/index.php'),
(305, '5.196.160.191', 'http://tradeeclipse.com/contact.php'),
(306, '158.255.214.21', 'http://www.tradeeclipse.com/index.php'),
(307, '34.138.10.162', 'http://www.tradeeclipse.com/contact.php'),
(308, '124.226.222.66', 'http://www.tradeeclipse.com/index.php'),
(309, '216.194.81.229', 'http://tradeeclipse.com/index.php'),
(310, '216.19.202.119', 'http://tradeeclipse.com/index.php'),
(311, '74.125.182.102', 'http://www.tradeeclipse.com/contact.php'),
(312, '146.190.250.39', 'http://www.tradeeclipse.com/index.php'),
(313, '157.55.39.200', 'http://www.tradeeclipse.com/index.php'),
(314, '207.46.13.78', 'http://www.tradeeclipse.com/about.php'),
(315, '74.125.77.202', 'http://www.tradeeclipse.com/contact.php'),
(316, '129.226.146.179', 'http://www.tradeeclipse.com/index.php'),
(317, '151.237.222.231', 'http://www.tradeeclipse.com/index.php'),
(318, '151.237.222.231', 'http://www.tradeeclipse.com/dashboard.php'),
(319, '45.129.13.34', 'http://tradeeclipse.com/contact.php'),
(320, '151.237.222.231', 'http://www.tradeeclipse.com/index.php?logout=true'),
(321, '150.109.16.20', 'http://www.tradeeclipse.com/about.php'),
(322, '45.129.13.34', 'http://tradeeclipse.com/contact.php?name=Search+Engine+Index&email=submissions%40searchindex.site&phone=635323039&subject=Add+tradeeclipse.com+to+Google+Search+Index%21&message=Hello%2C%0D%0A%0D%0Afor+your+website+do+be+displayed+in+searches+your+domain+n'),
(323, '157.55.39.58', 'http://www.tradeeclipse.com/contact.php'),
(324, '64.176.171.96', 'http://tradeeclipse.com/index.php'),
(325, '146.70.59.36', 'http://www.tradeeclipse.com/contact.php'),
(326, '43.155.136.16', 'http://tradeeclipse.com/index.php'),
(327, '43.155.160.173', 'http://tradeeclipse.com/privacy.php'),
(328, '49.51.72.76', 'http://tradeeclipse.com/index.php'),
(329, '43.163.8.36', 'http://tradeeclipse.com/faq.php'),
(330, '43.163.8.36', 'http://tradeeclipse.com/how-it-works.php'),
(331, '151.237.210.161', 'http://www.tradeeclipse.com/dashboard.php'),
(332, '221.229.106.25', 'http://tradeeclipse.com/index.php'),
(333, '43.163.3.58', 'http://tradeeclipse.com/about.php'),
(334, '43.130.32.224', 'http://www.tradeeclipse.com/index.php'),
(335, '137.184.53.196', 'http://tradeeclipse.com/index.php'),
(336, '162.142.125.214', 'http://www.tradeeclipse.com/index.php'),
(337, '43.130.37.62', 'http://www.tradeeclipse.com/index.php'),
(338, '62.141.44.236', 'http://tradeeclipse.com/index.php'),
(339, '34.48.174.251', 'http://tradeeclipse.com/index.php'),
(340, '52.167.144.228', 'http://www.tradeeclipse.com/privacy.php'),
(341, '155.4.131.116', 'http://tradeeclipse.com/index.php'),
(342, '68.183.245.101', 'http://tradeeclipse.com/index.php'),
(343, '185.152.67.234', 'http://tradeeclipse.com/index.php'),
(344, '167.71.165.17', 'http://tradeeclipse.com/index.php'),
(345, '5.133.192.108', 'http://tradeeclipse.com/index.php'),
(346, '198.145.172.86', 'http://tradeeclipse.com/index.php'),
(347, '93.158.90.68', 'http://tradeeclipse.com/index.php'),
(348, '57.141.5.16', 'http://www.tradeeclipse.com/index.php'),
(349, '43.159.141.180', 'http://tradeeclipse.com/index.php'),
(350, '43.163.6.35', 'http://tradeeclipse.com/contact.php'),
(351, '117.62.235.53', 'http://tradeeclipse.com/index.php'),
(352, '103.48.197.3', 'http://tradeeclipse.com/index.php'),
(353, '103.48.197.3', 'http://tradeeclipse.com/contact.php'),
(354, '103.48.197.3', 'http://tradeeclipse.com/contact.php?name=Lucy+Johnson&email=seorankingtech%40gmail.com&phone=213+262+0124&subject=Re%3A+SEO+-+Expert&message=Hello+tradeeclipse.com%2C%0D%0A%0D%0A+What+is+the+biggest+challenge+that+you+are+currently+facing+with+your+websit'),
(355, '2.56.191.31', 'http://www.tradeeclipse.com/contact.php'),
(356, '207.46.13.54', 'http://www.tradeeclipse.com/faq.php'),
(357, '43.159.128.172', 'http://tradeeclipse.com/index.php'),
(358, '2.56.191.73', 'http://www.tradeeclipse.com/contact.php'),
(359, '102.88.37.80', 'http://www.tradeeclipse.com/index.php'),
(360, '102.89.75.101', 'http://www.tradeeclipse.com/index.php'),
(361, '43.133.38.182', 'http://www.tradeeclipse.com/index.php'),
(362, '49.51.204.74', 'http://www.tradeeclipse.com/privacy.php'),
(363, '43.155.169.133', 'http://www.tradeeclipse.com/privacy.php'),
(364, '40.77.167.26', 'http://www.tradeeclipse.com/privacy.php'),
(365, '218.23.42.112', 'http://tradeeclipse.com/index.php'),
(366, '205.169.39.26', 'http://www.tradeeclipse.com/contact.php'),
(367, '34.122.147.229', 'http://www.tradeeclipse.com/contact.php'),
(368, '170.106.159.160', 'http://www.tradeeclipse.com/index.php'),
(369, '43.159.128.237', 'http://www.tradeeclipse.com/index.php'),
(370, '43.159.128.237', 'http://www.tradeeclipse.com/faq.php'),
(371, '150.109.253.34', 'http://www.tradeeclipse.com/contact.php'),
(372, '18.219.31.204', 'http://tradeeclipse.com/index.php'),
(373, '108.61.241.143', 'http://tradeeclipse.com/index.php'),
(374, '43.134.89.111', 'http://tradeeclipse.com/index.php'),
(375, '170.106.197.109', 'http://tradeeclipse.com/index.php'),
(376, '150.109.16.20', 'http://tradeeclipse.com/index.php'),
(377, '52.53.247.82', 'http://tradeeclipse.com/index.php'),
(378, '124.156.193.7', 'http://www.tradeeclipse.com/index.php'),
(379, '49.51.204.74', 'http://www.tradeeclipse.com/about.php'),
(380, '95.164.33.101', 'http://tradeeclipse.com/index.php'),
(381, '74.80.181.135', 'http://tradeeclipse.com/index.php'),
(382, '196.240.60.206', 'http://tradeeclipse.com/index.php'),
(383, '159.203.53.95', 'http://tradeeclipse.com/index.php'),
(384, '206.189.247.132', 'http://tradeeclipse.com/index.php'),
(385, '67.207.91.125', 'http://tradeeclipse.com/index.php'),
(386, '205.210.31.231', 'http://tradeeclipse.com/index.php'),
(387, '35.205.159.124', 'http://www.tradeeclipse.com/index.php'),
(388, '43.133.66.151', 'http://www.tradeeclipse.com/index.php'),
(389, '5.161.43.22', 'http://tradeeclipse.com/index.php'),
(390, '181.115.214.37', 'http://www.tradeeclipse.com/index.php'),
(391, '181.115.214.37', 'http://www.tradeeclipse.com/dashboard.php'),
(392, '181.115.214.37', 'http://www.tradeeclipse.com/about.php'),
(393, '66.249.66.197', 'http://tradeeclipse.com/index.php'),
(394, '181.115.214.37', 'http://www.tradeeclipse.com/invest.php?package=premium'),
(395, '181.115.214.37', 'http://www.tradeeclipse.com/dashboard.php?logout=true'),
(396, '43.134.142.8', 'http://tradeeclipse.com/index.php'),
(397, '49.51.243.156', 'http://tradeeclipse.com/privacy.php'),
(398, '52.167.144.195', 'http://www.tradeeclipse.com/index.php'),
(399, '43.131.243.208', 'http://tradeeclipse.com/contact.php'),
(400, '150.109.253.34', 'http://tradeeclipse.com/about.php'),
(401, '150.109.253.34', 'http://tradeeclipse.com/index.php'),
(402, '3.68.89.5', 'http://tradeeclipse.com/index.php'),
(403, '161.35.180.8', 'http://tradeeclipse.com/index.php'),
(404, '138.97.142.107', 'http://www.tradeeclipse.com/index.php'),
(405, '138.97.142.107', 'http://www.tradeeclipse.com/dashboard.php'),
(406, '13.95.133.245', 'http://tradeeclipse.com/index.php'),
(407, '170.106.82.193', 'http://tradeeclipse.com/index.php'),
(408, '170.106.197.109', 'http://tradeeclipse.com/faq.php'),
(409, '170.106.197.109', 'http://tradeeclipse.com/how-it-works.php'),
(410, '200.75.109.189', 'http://www.tradeeclipse.com/index.php'),
(411, '200.75.109.189', 'http://www.tradeeclipse.com/dashboard.php'),
(412, '200.75.109.189', 'http://www.tradeeclipse.com/dashboard.php?logout=true'),
(413, '49.51.243.156', 'http://www.tradeeclipse.com/how-it-works.php'),
(414, '49.51.233.46', 'http://www.tradeeclipse.com/index.php'),
(415, '49.51.233.46', 'http://www.tradeeclipse.com/faq.php'),
(416, '49.51.233.46', 'http://www.tradeeclipse.com/contact.php'),
(417, '43.130.16.212', 'http://www.tradeeclipse.com/index.php'),
(418, '198.235.24.140', 'http://tradeeclipse.com/index.php'),
(419, '5.161.207.92', 'http://tradeeclipse.com/index.php'),
(420, '43.153.93.68', 'http://www.tradeeclipse.com/index.php'),
(421, '52.167.144.138', 'http://www.tradeeclipse.com/privacy.php'),
(422, '209.38.202.206', 'http://www.tradeeclipse.com/contact.php'),
(423, '195.191.219.132', 'http://tradeeclipse.com/index.php'),
(424, '195.191.219.132', 'http://www.tradeeclipse.com/index.php'),
(425, '40.77.167.59', 'http://www.tradeeclipse.com/how-it-works.php'),
(426, '190.186.86.253', 'http://www.tradeeclipse.com/index.php'),
(427, '190.186.86.253', 'http://www.tradeeclipse.com/dashboard.php'),
(428, '190.186.86.253', 'http://www.tradeeclipse.com/invest.php?package=gold'),
(429, '124.156.193.7', 'http://www.tradeeclipse.com/about.php'),
(430, '205.210.31.42', 'http://tradeeclipse.com/index.php'),
(431, '43.159.63.75', 'http://tradeeclipse.com/index.php'),
(432, '131.202.14.152', 'http://tradeeclipse.com/index.php'),
(433, '190.186.86.253', 'http://www.tradeeclipse.com/dashboard.php?logout=true'),
(434, '190.186.86.253', 'http://www.tradeeclipse.com/index.php?logout=true'),
(435, '34.140.7.214', 'http://tradeeclipse.com/index.php'),
(436, '106.161.65.206', 'http://tradeeclipse.com/index.php'),
(437, '104.152.222.39', 'http://tradeeclipse.com/index.php'),
(438, '146.190.197.169', 'http://tradeeclipse.com/index.php'),
(439, '43.130.37.62', 'http://tradeeclipse.com/index.php'),
(440, '200.75.109.189', 'http://www.tradeeclipse.com/index.php?logout=true'),
(441, '64.176.226.87', 'http://tradeeclipse.com/index.php'),
(442, '43.153.216.189', 'http://www.tradeeclipse.com/index.php'),
(443, '139.59.30.215', 'http://tradeeclipse.com/index.php'),
(444, '141.138.211.251', 'http://tradeeclipse.com/index.php'),
(445, '43.153.110.177', 'http://www.tradeeclipse.com/index.php'),
(446, '43.152.72.247', 'http://tradeeclipse.com/index.php'),
(447, '43.130.16.140', 'http://www.tradeeclipse.com/how-it-works.php'),
(448, '185.153.177.7', 'http://www.tradeeclipse.com/contact.php'),
(449, '38.70.224.77', 'http://www.tradeeclipse.com/contact.php'),
(450, '38.18.24.89', 'http://www.tradeeclipse.com/contact.php'),
(451, '142.252.248.196', 'http://www.tradeeclipse.com/contact.php'),
(452, '52.167.144.195', 'http://www.tradeeclipse.com/faq.php'),
(453, '125.75.66.97', 'http://tradeeclipse.com/index.php'),
(454, '43.133.38.182', 'http://tradeeclipse.com/index.php'),
(455, '52.167.144.22', 'http://www.tradeeclipse.com/index.php'),
(456, '150.109.16.20', 'http://tradeeclipse.com/privacy.php'),
(457, '186.167.174.202', 'http://www.tradeeclipse.com/index.php'),
(458, '186.167.174.202', 'http://www.tradeeclipse.com/dashboard.php'),
(459, '186.167.174.202', 'http://www.tradeeclipse.com/dashboard.php?logout=true'),
(460, '102.88.82.120', 'http://www.tradeeclipse.com/index.php'),
(461, '190.120.250.37', 'http://www.tradeeclipse.com/index.php'),
(462, '201.238.3.207', 'http://www.tradeeclipse.com/index.php'),
(463, '102.89.46.186', 'http://www.tradeeclipse.com/index.php'),
(464, '190.120.250.37', 'http://www.tradeeclipse.com/dashboard.php'),
(465, '149.28.98.179', 'http://tradeeclipse.com/index.php'),
(466, '43.155.183.138', 'http://tradeeclipse.com/index.php'),
(467, '43.134.142.8', 'http://tradeeclipse.com/faq.php'),
(468, '43.134.142.8', 'http://tradeeclipse.com/how-it-works.php'),
(469, '181.208.32.112', 'http://www.tradeeclipse.com/index.php'),
(470, '181.208.32.112', 'http://www.tradeeclipse.com/dashboard.php'),
(471, '43.134.89.111', 'http://www.tradeeclipse.com/index.php'),
(472, '34.219.85.217', 'http://tradeeclipse.com/index.php'),
(473, '43.163.6.124', 'http://www.tradeeclipse.com/about.php'),
(474, '147.185.132.51', 'http://tradeeclipse.com/index.php'),
(475, '221.229.106.25', 'http://www.tradeeclipse.com/index.php'),
(476, '52.167.144.137', 'http://www.tradeeclipse.com/privacy.php'),
(477, '205.169.39.4', 'http://www.tradeeclipse.com/index.php'),
(478, '34.122.147.229', 'http://tradeeclipse.com/index.php'),
(479, '205.169.39.48', 'http://tradeeclipse.com/index.php'),
(480, '51.81.46.212', 'http://www.tradeeclipse.com/index.php'),
(481, '193.233.233.29', 'http://tradeeclipse.com/index.php'),
(482, '35.227.38.113', 'http://tradeeclipse.com/index.php'),
(483, '102.88.70.133', 'http://www.tradeeclipse.com/index.php'),
(484, '43.157.40.112', 'http://www.tradeeclipse.com/index.php'),
(485, '43.153.216.189', 'http://www.tradeeclipse.com/privacy.php'),
(486, '191.156.187.110', 'http://www.tradeeclipse.com/index.php'),
(487, '191.156.190.111', 'http://www.tradeeclipse.com/index.php'),
(488, '191.156.177.138', 'http://www.tradeeclipse.com/privacy.php'),
(489, '191.156.187.110', 'http://www.tradeeclipse.com/dashboard.php'),
(490, '191.156.187.110', 'http://www.tradeeclipse.com/about.php'),
(491, '191.156.187.110', 'http://www.tradeeclipse.com/about.php?logout=true'),
(492, '191.156.187.110', 'http://www.tradeeclipse.com/dashboard.php?logout=true'),
(493, '191.156.181.49', 'http://www.tradeeclipse.com/dashboard.php'),
(494, '191.156.181.49', 'http://www.tradeeclipse.com/dashboard.php?logout=true'),
(495, '157.230.216.64', 'http://tradeeclipse.com/index.php'),
(496, '198.199.86.210', 'http://tradeeclipse.com/index.php'),
(497, '200.8.54.224', 'http://www.tradeeclipse.com/index.php'),
(498, '200.8.54.224', 'http://www.tradeeclipse.com/dashboard.php'),
(499, '200.8.54.224', 'http://www.tradeeclipse.com/index.php?logout=true'),
(500, '200.8.54.224', 'http://www.tradeeclipse.com/dashboard.php?logout=true'),
(501, '43.153.93.68', 'http://tradeeclipse.com/index.php'),
(502, '43.155.183.138', 'http://tradeeclipse.com/faq.php'),
(503, '190.120.250.37', 'http://www.tradeeclipse.com/dashboard.php?logout=true'),
(504, '43.130.34.74', 'http://tradeeclipse.com/privacy.php'),
(505, '170.106.84.136', 'http://tradeeclipse.com/about.php'),
(506, '43.159.128.237', 'http://tradeeclipse.com/contact.php'),
(507, '149.28.124.75', 'http://tradeeclipse.com/index.php'),
(508, '181.208.32.112', 'http://www.tradeeclipse.com/dashboard.php?logout=true'),
(509, '170.106.104.42', 'http://tradeeclipse.com/index.php'),
(510, '102.89.43.168', 'http://www.tradeeclipse.com/index.php'),
(511, '199.45.154.127', 'http://www.tradeeclipse.com/index.php'),
(512, '43.155.169.133', 'http://www.tradeeclipse.com/index.php'),
(513, '43.130.32.245', 'http://www.tradeeclipse.com/about.php'),
(514, '43.130.32.245', 'http://www.tradeeclipse.com/index.php'),
(515, '43.130.32.245', 'http://www.tradeeclipse.com/how-it-works.php'),
(516, '40.77.167.54', 'http://www.tradeeclipse.com/how-it-works.php'),
(517, '15.204.194.30', 'http://tradeeclipse.com/index.php'),
(518, '181.208.188.62', 'http://www.tradeeclipse.com/index.php'),
(519, '161.35.115.22', 'http://tradeeclipse.com/index.php'),
(520, '206.204.39.94', 'http://tradeeclipse.com/index.php'),
(521, '119.13.220.50', 'http://tradeeclipse.com/index.php'),
(522, '110.166.71.39', 'http://www.tradeeclipse.com/index.php'),
(523, '154.47.16.210', 'http://www.tradeeclipse.com/index.php'),
(524, '201.238.1.13', 'http://www.tradeeclipse.com/index.php'),
(525, '186.166.151.196', 'http://www.tradeeclipse.com/index.php'),
(526, '201.238.1.13', 'http://www.tradeeclipse.com/dashboard.php'),
(527, '45.236.149.140', 'http://www.tradeeclipse.com/index.php'),
(528, '45.236.149.140', 'http://www.tradeeclipse.com/contact.php'),
(529, '45.236.149.140', 'http://www.tradeeclipse.com/about.php'),
(530, '45.236.149.140', 'http://www.tradeeclipse.com/dashboard.php'),
(531, '45.236.149.140', 'http://www.tradeeclipse.com/invest.php?package=premium'),
(532, '45.236.149.140', 'http://www.tradeeclipse.com/dashboard.php?logout=true'),
(533, '178.254.29.124', 'http://tradeeclipse.com/index.php'),
(534, '5.133.192.171', 'http://tradeeclipse.com/index.php'),
(535, '170.106.197.109', 'http://www.tradeeclipse.com/faq.php'),
(536, '170.106.197.109', 'http://www.tradeeclipse.com/contact.php'),
(537, '191.156.188.190', 'http://www.tradeeclipse.com/index.php'),
(538, '191.156.188.190', 'http://www.tradeeclipse.com/about.php'),
(539, '191.156.186.143', 'http://www.tradeeclipse.com/dashboard.php'),
(540, '191.156.189.151', 'http://www.tradeeclipse.com/dashboard.php'),
(541, '199.244.88.226', 'http://tradeeclipse.com/index.php'),
(542, '191.156.182.195', 'http://www.tradeeclipse.com/index.php'),
(543, '43.157.66.187', 'http://tradeeclipse.com/index.php'),
(544, '191.156.177.138', 'http://www.tradeeclipse.com/index.php'),
(545, '191.156.182.194', 'http://www.tradeeclipse.com/about.php'),
(546, '191.156.182.194', 'http://www.tradeeclipse.com/index.php'),
(547, '191.156.182.194', 'http://www.tradeeclipse.com/about.php?logout=true'),
(548, '191.156.182.194', 'http://www.tradeeclipse.com/dashboard.php'),
(549, '105.112.236.59', 'http://tradeeclipse.com/index.php'),
(550, '191.156.177.219', 'http://www.tradeeclipse.com/index.php'),
(551, '43.163.8.148', 'http://tradeeclipse.com/index.php'),
(552, '43.155.166.202', 'http://www.tradeeclipse.com/privacy.php'),
(553, '102.88.33.148', 'http://www.tradeeclipse.com/index.php'),
(554, '102.89.41.183', 'http://www.tradeeclipse.com/index.php'),
(555, '43.163.6.124', 'http://www.tradeeclipse.com/index.php'),
(556, '40.77.167.76', 'http://www.tradeeclipse.com/index.php'),
(557, '3.145.193.192', 'http://tradeeclipse.com/index.php'),
(558, '57.141.5.4', 'http://www.tradeeclipse.com/how-it-works.php'),
(559, '49.51.206.130', 'http://www.tradeeclipse.com/index.php'),
(560, '191.156.147.243', 'http://tradeeclipse.com/index.php'),
(561, '191.156.150.93', 'http://tradeeclipse.com/dashboard.php'),
(562, '191.156.155.164', 'http://tradeeclipse.com/dashboard.php'),
(563, '191.156.147.243', 'http://tradeeclipse.com/dashboard.php'),
(564, '191.156.150.150', 'http://tradeeclipse.com/how-it-works.php'),
(565, '191.156.157.136', 'http://tradeeclipse.com/how-it-works.php'),
(566, '191.156.157.136', 'http://www.tradeeclipse.com/index.php'),
(567, '191.156.157.136', 'http://www.tradeeclipse.com/dashboard.php'),
(568, '191.156.150.93', 'http://www.tradeeclipse.com/invest.php?package=premium'),
(569, '191.156.159.240', 'http://www.tradeeclipse.com/invest.php?package=premium'),
(570, '170.79.180.91', 'http://www.tradeeclipse.com/index.php'),
(571, '170.79.180.91', 'http://www.tradeeclipse.com/dashboard.php'),
(572, '43.130.47.136', 'http://tradeeclipse.com/index.php'),
(573, '170.79.180.91', 'http://www.tradeeclipse.com/about.php'),
(574, '170.79.180.91', 'http://www.tradeeclipse.com/how-it-works.php'),
(575, '43.130.32.245', 'http://tradeeclipse.com/how-it-works.php'),
(576, '43.130.32.245', 'http://tradeeclipse.com/privacy.php'),
(577, '43.134.170.46', 'http://tradeeclipse.com/about.php'),
(578, '40.77.167.54', 'http://www.tradeeclipse.com/about.php'),
(579, '120.210.93.157', 'http://tradeeclipse.com/index.php'),
(580, '52.167.144.181', 'http://www.tradeeclipse.com/index.php'),
(581, '181.115.134.13', 'http://www.tradeeclipse.com/index.php'),
(582, '181.115.134.13', 'http://www.tradeeclipse.com/privacy.php'),
(583, '181.115.134.13', 'http://www.tradeeclipse.com/dashboard.php'),
(584, '195.201.95.123', 'http://tradeeclipse.com/index.php'),
(585, '188.147.13.2', 'http://www.tradeeclipse.com/index.php'),
(586, '43.155.169.133', 'http://tradeeclipse.com/index.php'),
(587, '117.33.163.216', 'http://tradeeclipse.com/index.php'),
(588, '43.135.133.194', 'http://tradeeclipse.com/faq.php'),
(589, '43.159.143.187', 'http://tradeeclipse.com/contact.php'),
(590, '43.163.8.36', 'http://www.tradeeclipse.com/index.php'),
(591, '43.135.133.194', 'http://www.tradeeclipse.com/faq.php'),
(592, '43.135.133.194', 'http://www.tradeeclipse.com/contact.php'),
(593, '52.167.144.18', 'http://www.tradeeclipse.com/how-it-works.php'),
(594, '93.159.230.87', 'http://tradeeclipse.com/index.php'),
(595, '186.141.229.195', 'http://www.tradeeclipse.com/index.php'),
(596, '186.141.229.195', 'http://www.tradeeclipse.com/dashboard.php'),
(597, '186.141.229.195', 'http://www.tradeeclipse.com/invest.php?package=bitcoin-btc'),
(598, '34.34.159.244', 'http://tradeeclipse.com/index.php'),
(599, '167.71.231.210', 'http://tradeeclipse.com/index.php'),
(600, '173.252.70.3', 'http://www.tradeeclipse.com/about.php'),
(601, '186.141.226.113', 'http://www.tradeeclipse.com/index.php'),
(602, '186.141.226.113', 'http://www.tradeeclipse.com/dashboard.php'),
(603, '43.135.149.154', 'http://www.tradeeclipse.com/index.php'),
(604, '167.250.239.3', 'http://www.tradeeclipse.com/dashboard.php'),
(605, '186.141.227.12', 'http://www.tradeeclipse.com/dashboard.php?logout=true'),
(606, '186.141.227.12', 'http://www.tradeeclipse.com/dashboard.php'),
(607, '40.77.167.54', 'http://www.tradeeclipse.com/privacy.php'),
(608, '191.81.209.67', 'http://www.tradeeclipse.com/dashboard.php'),
(609, '43.159.140.236', 'http://www.tradeeclipse.com/how-it-works.php'),
(610, '43.159.140.236', 'http://www.tradeeclipse.com/about.php'),
(611, '43.159.129.209', 'http://tradeeclipse.com/index.php'),
(612, '207.46.13.141', 'http://www.tradeeclipse.com/index.php'),
(613, '13.52.243.9', 'http://tradeeclipse.com/index.php'),
(614, '191.81.209.67', 'http://www.tradeeclipse.com/index.php'),
(615, '191.81.209.67', 'http://www.tradeeclipse.com/invest.php?package=premium'),
(616, '191.81.209.67', 'http://www.tradeeclipse.com/dashboard.php?logout=true'),
(617, '191.81.209.67', 'http://www.tradeeclipse.com/index.php?logout=true'),
(618, '43.155.136.16', 'http://www.tradeeclipse.com/index.php'),
(619, '49.51.72.76', 'http://www.tradeeclipse.com/privacy.php'),
(620, '205.210.31.35', 'http://tradeeclipse.com/index.php'),
(621, '38.199.22.118', 'http://www.tradeeclipse.com/index.php'),
(622, '38.199.22.118', 'http://www.tradeeclipse.com/about.php'),
(623, '38.199.22.118', 'http://www.tradeeclipse.com/dashboard.php'),
(624, '186.141.232.243', 'http://www.tradeeclipse.com/index.php'),
(625, '186.141.232.243', 'http://www.tradeeclipse.com/dashboard.php'),
(626, '170.106.101.31', 'http://www.tradeeclipse.com/index.php'),
(627, '43.131.249.153', 'http://www.tradeeclipse.com/index.php'),
(628, '43.131.249.153', 'http://www.tradeeclipse.com/contact.php'),
(629, '43.130.7.211', 'http://www.tradeeclipse.com/index.php'),
(630, '45.129.13.34', 'http://tradeeclipse.com/contact.php?name=Search+Engine+Index&email=submissions%40searchindex.site&phone=93075481&subject=Add+tradeeclipse.com+to+Google+Search+Index%21&message=Hello%2C%0D%0A%0D%0Afor+your+website+do+be+displayed+in+searches+your+domain+ne'),
(631, '43.155.169.133', 'http://tradeeclipse.com/privacy.php'),
(632, '43.130.16.212', 'http://tradeeclipse.com/faq.php'),
(633, '43.134.190.89', 'http://tradeeclipse.com/index.php'),
(634, '43.159.128.237', 'http://tradeeclipse.com/about.php'),
(635, '43.163.1.85', 'http://tradeeclipse.com/contact.php'),
(636, '43.135.133.194', 'http://www.tradeeclipse.com/how-it-works.php'),
(637, '43.135.133.194', 'http://www.tradeeclipse.com/about.php'),
(638, '157.55.39.58', 'http://www.tradeeclipse.com/about.php'),
(639, '93.158.90.65', 'http://tradeeclipse.com/index.php'),
(640, '143.244.182.34', 'http://tradeeclipse.com/index.php'),
(641, '192.42.116.216', 'http://tradeeclipse.com/index.php'),
(642, '192.42.116.216', 'http://tradeeclipse.com/faq.php'),
(643, '192.42.116.216', 'http://tradeeclipse.com/faq.php?name=%2A+%2A+%2A+Get+Free+Bitcoin+Now%3A+http%3A%2F%2Fcmsezee.com%2Fuploads%2Fweqzlr.php%3F5d10j+%2A+%2A+%2A+hs%3Df67ce072a1ccefc34c5ee208e7c171c9%2A&email=pazapz%40mailbox.in.ua&phone=FAQ&subject=FAQ&message=m806p6'),
(644, '192.42.116.216', 'http://tradeeclipse.com/faq.php?name=%2A+%2A+%2A+%3Ca+href%3D%22http%3A%2F%2Fcmsezee.com%2Fuploads%2Fweqzlr.php%3F5d10j%22%3EUnlock+Free+Spins+Today%3C%2Fa%3E+%2A+%2A+%2A+hs%3Df67ce072a1ccefc34c5ee208e7c171c9%2A&email=pazapz%40mailbox.in.ua&phone=FAQ&subj'),
(645, '192.42.116.216', 'http://tradeeclipse.com/about.php'),
(646, '192.42.116.216', 'http://tradeeclipse.com/about.php?name=%2A+%2A+%2A+Unlock+Free+Spins+Today%3A+https%3A%2F%2Freklem.ru%2Fuploads%2F1y3v7b.php%3Fod7vj+%2A+%2A+%2A+hs%3Dec08a81035e4dbfd439852c825218f8f%2A&email=pazapz%40mailbox.in.ua&phone=FAQ&subject=FAQ&message=2eovv4'),
(647, '192.42.116.216', 'http://tradeeclipse.com/about.php?name=%2A+%2A+%2A+%3Ca+href%3D%22https%3A%2F%2Freklem.ru%2Fuploads%2F1y3v7b.php%3Fod7vj%22%3EWin+Free+Cash+Instantly%3C%2Fa%3E+%2A+%2A+%2A+hs%3Dec08a81035e4dbfd439852c825218f8f%2A&email=pazapz%40mailbox.in.ua&phone=FAQ&sub'),
(648, '192.42.116.216', 'http://tradeeclipse.com/index.php?name=%2A+%2A+%2A+Unlock+Free+Spins+Today%3A+http%3A%2F%2Fbluelotusservices.com%2Fupload%2F12mj0m.php%3Fruawo3+%2A+%2A+%2A+hs%3D3438ceaa6e0d0b37462b87fbc36b2b2f%2A&email=pazapz%40mailbox.in.ua&phone=FAQ&subject=FAQ&message'),
(649, '185.220.101.137', 'http://tradeeclipse.com/index.php'),
(650, '80.67.167.81', 'http://tradeeclipse.com/index.php?name=%2A+%2A+%2A+%3Ca+href%3D%22http%3A%2F%2Fbluelotusservices.com%2Fupload%2F12mj0m.php%3Fruawo3%22%3EGet+Free+Bitcoin+Now%3C%2Fa%3E+%2A+%2A+%2A+hs%3D3438ceaa6e0d0b37462b87fbc36b2b2f%2A&email=pazapz%40mailbox.in.ua&phone'),
(651, '80.67.167.81', 'http://tradeeclipse.com/contact.php'),
(652, '80.67.167.81', 'http://tradeeclipse.com/contact.php?name=%2A+%2A+%2A+Unlock+Free+Spins+Today%3A+https%3A%2F%2Fwww.trap-d.biz%2Fsubmit%2Ffiles%2Fasxxus.php%3Ffd56l+%2A+%2A+%2A+hs%3D7d9a4551240b3e4749d19c217d7cc8f6%2A&email=pazapz%40mailbox.in.ua&phone=782759577865&subject'),
(653, '80.67.167.81', 'http://tradeeclipse.com/contact.php?name=%2A+%2A+%2A+Unlock+Free+Spins+Today%3A+https%3A%2F%2Fwww.trap-d.biz%2Fsubmit%2Ffiles%2Fasxxus.php%3Ffd56l+%2A+%2A+%2A+hs%3D7d9a4551240b3e4749d19c217d7cc8f6%2A&email=pazapz%40mailbox.in.ua&phone=FAQ&subject=FAQ&mess'),
(654, '185.220.101.13', 'http://tradeeclipse.com/contact.php'),
(655, '185.220.101.13', 'http://tradeeclipse.com/contact.php?name=%2A+%2A+%2A+%3Ca+href%3D%22https%3A%2F%2Fwww.trap-d.biz%2Fsubmit%2Ffiles%2Fasxxus.php%3Ffd56l%22%3ESnag+Your+Free+Gift%3C%2Fa%3E+%2A+%2A+%2A+hs%3D7d9a4551240b3e4749d19c217d7cc8f6%2A&email=pazapz%40mailbox.in.ua&pho'),
(656, '185.220.101.13', 'http://tradeeclipse.com/contact.php?name=%2A+%2A+%2A+%3Ca+href%3D%22https%3A%2F%2Fwww.trap-d.biz%2Fsubmit%2Ffiles%2Fasxxus.php%3Ffd56l%22%3EGet+Free+Bitcoin+Now%3C%2Fa%3E+%2A+%2A+%2A+hs%3D7d9a4551240b3e4749d19c217d7cc8f6%2A&email=pazapz%40mailbox.in.ua&ph'),
(657, '185.220.101.13', 'http://tradeeclipse.com/privacy.php'),
(658, '185.220.101.13', 'http://tradeeclipse.com/privacy.php?name=%2A+%2A+%2A+Snag+Your+Free+Gift%3A+https%3A%2F%2Fprofessionalheights.com%2Fuploads%2Fje2crz.php%3F8ity3+%2A+%2A+%2A+hs%3D1b16af0e925eeffe7173801ae0605a3b%2A&email=pazapz%40mailbox.in.ua&phone=FAQ&subject=FAQ&messag'),
(659, '185.220.101.13', 'http://tradeeclipse.com/privacy.php?name=%2A+%2A+%2A+%3Ca+href%3D%22https%3A%2F%2Fprofessionalheights.com%2Fuploads%2Fje2crz.php%3F8ity3%22%3EGet+Free+Bitcoin+Now%3C%2Fa%3E+%2A+%2A+%2A+hs%3D1b16af0e925eeffe7173801ae0605a3b%2A&email=pazapz%40mailbox.in.ua&'),
(660, '193.182.96.246', 'http://tradeeclipse.com/how-it-works.php'),
(661, '193.182.96.246', 'http://tradeeclipse.com/how-it-works.php?name=%2A+%2A+%2A+Snag+Your+Free+Gift%3A+https%3A%2F%2Fkresowiacy.olsztyn.pl%2Fupload%2Fr8flrj.php%3Fb5jspt+%2A+%2A+%2A+hs%3D8d1ee3adabf901a3dcc444e9edc075aa%2A&email=pazapz%40mailbox.in.ua&phone=FAQ&subject=FAQ&mes'),
(662, '193.182.96.246', 'http://tradeeclipse.com/how-it-works.php?name=%2A+%2A+%2A+%3Ca+href%3D%22https%3A%2F%2Fkresowiacy.olsztyn.pl%2Fupload%2Fr8flrj.php%3Fb5jspt%22%3EWin+Free+Cash+Instantly%3C%2Fa%3E+%2A+%2A+%2A+hs%3D8d1ee3adabf901a3dcc444e9edc075aa%2A&email=pazapz%40mailbox.'),
(663, '52.167.144.173', 'http://www.tradeeclipse.com/faq.php'),
(664, '54.183.19.247', 'http://tradeeclipse.com/index.php'),
(665, '43.135.181.13', 'http://www.tradeeclipse.com/index.php'),
(666, '35.93.28.105', 'http://tradeeclipse.com/index.php'),
(667, '43.163.1.85', 'http://www.tradeeclipse.com/privacy.php'),
(668, '198.235.24.2', 'http://tradeeclipse.com/index.php'),
(669, '49.51.47.100', 'http://tradeeclipse.com/index.php'),
(670, '43.130.32.245', 'http://tradeeclipse.com/faq.php'),
(671, '124.156.193.7', 'http://tradeeclipse.com/contact.php'),
(672, '43.159.140.236', 'http://tradeeclipse.com/index.php'),
(673, '182.44.2.148', 'http://www.tradeeclipse.com/index.php'),
(674, '52.167.144.210', 'http://www.tradeeclipse.com/how-it-works.php'),
(675, '43.163.8.148', 'http://tradeeclipse.com/how-it-works.php'),
(676, '49.51.72.76', 'http://tradeeclipse.com/about.php'),
(677, '49.51.72.76', 'http://tradeeclipse.com/privacy.php'),
(678, '43.134.170.46', 'http://www.tradeeclipse.com/how-it-works.php'),
(679, '157.55.39.200', 'http://www.tradeeclipse.com/about.php'),
(680, '43.155.160.173', 'http://tradeeclipse.com/index.php'),
(681, '52.167.144.171', 'http://www.tradeeclipse.com/faq.php'),
(682, '43.135.166.178', 'http://www.tradeeclipse.com/index.php'),
(683, '49.51.183.220', 'http://www.tradeeclipse.com/about.php'),
(684, '35.167.183.4', 'http://tradeeclipse.com/index.php'),
(685, '201.238.32.51', 'http://www.tradeeclipse.com/index.php'),
(686, '201.238.32.51', 'http://www.tradeeclipse.com/dashboard.php'),
(687, '158.69.25.39', 'http://tradeeclipse.com/index.php'),
(688, '45.77.80.166', 'http://tradeeclipse.com/index.php'),
(689, '170.106.101.31', 'http://tradeeclipse.com/index.php'),
(690, '40.77.167.44', 'http://www.tradeeclipse.com/index.php'),
(691, '170.64.216.21', 'http://tradeeclipse.com/index.php'),
(692, '207.46.13.127', 'http://www.tradeeclipse.com/privacy.php'),
(693, '34.98.143.226', 'http://www.tradeeclipse.com/index.php'),
(694, '54.234.112.128', 'http://www.tradeeclipse.com/index.php'),
(695, '34.174.192.151', 'http://tradeeclipse.com/index.php'),
(696, '35.187.132.10', 'http://tradeeclipse.com/index.php'),
(697, '34.98.143.225', 'http://www.tradeeclipse.com/index.php'),
(698, '18.222.123.15', 'http://www.tradeeclipse.com/index.php'),
(699, '34.86.212.119', 'http://tradeeclipse.com/index.php'),
(700, '18.191.237.74', 'http://tradeeclipse.com/index.php'),
(701, '13.58.49.243', 'http://www.tradeeclipse.com/index.php'),
(702, '35.187.132.11', 'http://tradeeclipse.com/index.php'),
(703, '35.187.132.12', 'http://tradeeclipse.com/index.php'),
(704, '13.58.49.243', 'http://tradeeclipse.com/index.php'),
(705, '18.219.194.97', 'http://tradeeclipse.com/index.php'),
(706, '18.188.194.11', 'http://tradeeclipse.com/index.php'),
(707, '185.220.101.68', 'http://tradeeclipse.com/index.php'),
(708, '109.70.100.6', 'http://www.tradeeclipse.com/index.php'),
(709, '86.164.199.141', 'http://tradeeclipse.com/index.php'),
(710, '79.142.77.67', 'http://tradeeclipse.com/index.php'),
(711, '67.21.32.155', 'http://tradeeclipse.com/index.php'),
(712, '34.98.143.227', 'http://www.tradeeclipse.com/index.php'),
(713, '192.42.116.184', 'http://tradeeclipse.com/index.php'),
(714, '79.142.77.67', 'http://www.tradeeclipse.com/index.php'),
(715, '149.40.50.86', 'http://www.tradeeclipse.com/index.php'),
(716, '164.90.241.135', 'http://www.tradeeclipse.com/index.php'),
(717, '205.169.39.118', 'http://tradeeclipse.com/index.php'),
(718, '205.169.39.107', 'http://tradeeclipse.com/index.php'),
(719, '205.169.39.108', 'http://www.tradeeclipse.com/index.php'),
(720, '103.14.143.67', 'http://www.tradeeclipse.com/index.php'),
(721, '103.14.143.67', 'http://tradeeclipse.com/index.php'),
(722, '209.38.202.206', 'http://tradeeclipse.com/index.php'),
(723, '209.38.202.206', 'http://www.tradeeclipse.com/index.php'),
(724, '119.12.195.241', 'http://www.tradeeclipse.com/index.php'),
(725, '188.119.118.217', 'http://tradeeclipse.com/index.php'),
(726, '168.151.107.85', 'http://tradeeclipse.com/index.php'),
(727, '147.182.149.218', 'http://tradeeclipse.com/index.php'),
(728, '66.203.112.162', 'http://tradeeclipse.com/index.php'),
(729, '170.106.84.136', 'http://www.tradeeclipse.com/index.php'),
(730, '20.229.51.198', 'http://tradeeclipse.com/index.php');
INSERT INTO `visitors` (`id`, `ip_address`, `page_url`) VALUES
(731, '138.68.141.133', 'http://tradeeclipse.com/index.php'),
(732, '54.39.250.85', 'http://www.tradeeclipse.com/index.php'),
(733, '51.89.24.250', 'http://tradeeclipse.com/index.php'),
(734, '198.244.133.156', 'http://tradeeclipse.com/index.php'),
(735, '195.191.219.133', 'http://tradeeclipse.com/index.php'),
(736, '195.191.219.133', 'http://www.tradeeclipse.com/index.php'),
(737, '106.119.167.146', 'http://tradeeclipse.com/index.php'),
(738, '40.77.167.73', 'http://www.tradeeclipse.com/faq.php'),
(739, '34.217.97.130', 'http://tradeeclipse.com/index.php'),
(740, '34.210.78.0', 'http://tradeeclipse.com/index.php'),
(741, '54.69.190.141', 'http://tradeeclipse.com/index.php'),
(742, '157.55.39.56', 'http://www.tradeeclipse.com/how-it-works.php'),
(743, '35.91.1.219', 'http://www.tradeeclipse.com/index.php'),
(744, '43.135.133.194', 'http://www.tradeeclipse.com/privacy.php'),
(745, '45.63.107.137', 'http://tradeeclipse.com/index.php'),
(746, '34.72.176.129', 'http://tradeeclipse.com/index.php'),
(747, '34.122.147.229', 'http://www.tradeeclipse.com/index.php'),
(748, '205.169.39.36', 'http://tradeeclipse.com/index.php'),
(749, '205.169.39.45', 'http://tradeeclipse.com/index.php'),
(750, '205.169.39.41', 'http://tradeeclipse.com/index.php'),
(751, '205.169.39.22', 'http://www.tradeeclipse.com/index.php'),
(752, '205.169.39.11', 'http://tradeeclipse.com/index.php'),
(753, '205.169.39.14', 'http://tradeeclipse.com/index.php'),
(754, '46.228.199.158', 'http://tradeeclipse.com/index.php'),
(755, '188.147.13.2', 'http://www.tradeeclipse.com/contact.php'),
(756, '5.133.192.133', 'http://tradeeclipse.com/index.php'),
(757, '43.152.72.247', 'http://tradeeclipse.com/privacy.php'),
(758, '43.155.183.138', 'http://tradeeclipse.com/how-it-works.php'),
(759, '52.167.144.222', 'http://www.tradeeclipse.com/index.php'),
(760, '3.129.23.210', 'http://tradeeclipse.com/index.php'),
(761, '45.224.152.144', 'http://www.tradeeclipse.com/index.php'),
(762, '205.169.39.47', 'http://www.tradeeclipse.com/index.php'),
(763, '205.169.39.20', 'http://tradeeclipse.com/index.php'),
(764, '43.133.66.151', 'http://tradeeclipse.com/index.php'),
(765, '43.134.66.205', 'http://tradeeclipse.com/faq.php'),
(766, '43.163.0.99', 'http://tradeeclipse.com/about.php'),
(767, '43.163.0.99', 'http://tradeeclipse.com/contact.php'),
(768, '167.99.85.106', 'http://www.tradeeclipse.com/index.php'),
(769, '135.148.195.11', 'http://tradeeclipse.com/index.php'),
(770, '150.109.13.194', 'http://www.tradeeclipse.com/about.php'),
(771, '150.109.13.194', 'http://www.tradeeclipse.com/index.php'),
(772, '180.102.134.69', 'http://tradeeclipse.com/index.php'),
(773, '52.167.144.187', 'http://www.tradeeclipse.com/faq.php'),
(774, '181.115.214.191', 'http://www.tradeeclipse.com/index.php'),
(775, '181.115.214.191', 'http://www.tradeeclipse.com/privacy.php'),
(776, '181.115.214.191', 'http://www.tradeeclipse.com/dashboard.php'),
(777, '102.88.62.163', 'http://www.tradeeclipse.com/index.php'),
(778, '102.88.33.19', 'http://www.tradeeclipse.com/index.php'),
(779, '43.159.141.180', 'http://www.tradeeclipse.com/index.php'),
(780, '149.154.161.253', 'http://www.tradeeclipse.com/index.php'),
(781, '191.156.178.161', 'http://www.tradeeclipse.com/index.php'),
(782, '191.156.178.161', 'http://www.tradeeclipse.com/dashboard.php'),
(783, '191.156.189.152', 'http://www.tradeeclipse.com/index.php'),
(784, '43.159.128.237', 'http://www.tradeeclipse.com/contact.php'),
(785, '43.159.128.237', 'http://www.tradeeclipse.com/how-it-works.php'),
(786, '49.51.36.179', 'http://www.tradeeclipse.com/faq.php'),
(787, '52.42.101.40', 'http://tradeeclipse.com/index.php'),
(788, '52.167.144.210', 'http://www.tradeeclipse.com/index.php'),
(789, '159.65.24.22', 'http://tradeeclipse.com/index.php'),
(790, '159.65.24.22', 'http://tradeeclipse.com/about.php'),
(791, '159.65.24.22', 'http://tradeeclipse.com/faq.php'),
(792, '159.65.24.22', 'http://tradeeclipse.com/contact.php'),
(793, '43.153.110.177', 'http://tradeeclipse.com/index.php'),
(794, '190.129.199.243', 'http://www.tradeeclipse.com/index.php'),
(795, '190.129.199.243', 'http://www.tradeeclipse.com/dashboard.php'),
(796, '191.156.189.149', 'http://www.tradeeclipse.com/dashboard.php'),
(797, '102.88.71.150', 'http://www.tradeeclipse.com/index.php'),
(798, '186.84.90.75', 'http://www.tradeeclipse.com/dashboard.php'),
(799, '43.163.6.35', 'http://www.tradeeclipse.com/index.php'),
(800, '113.141.91.58', 'http://www.tradeeclipse.com/index.php'),
(801, '189.28.75.96', 'http://www.tradeeclipse.com/index.php'),
(802, '164.92.245.124', 'http://tradeeclipse.com/index.php'),
(803, '57.141.5.3', 'http://www.tradeeclipse.com/faq.php'),
(804, '69.171.249.10', 'http://www.tradeeclipse.com/privacy.php'),
(805, '57.141.5.7', 'http://www.tradeeclipse.com/contact.php'),
(806, '104.166.80.34', 'http://tradeeclipse.com/index.php'),
(807, '104.166.80.40', 'http://tradeeclipse.com/index.php'),
(808, '40.77.167.28', 'http://www.tradeeclipse.com/faq.php'),
(809, '188.166.16.239', 'http://tradeeclipse.com/index.php'),
(810, '104.166.80.205', 'http://tradeeclipse.com/index.php'),
(811, '35.90.137.46', 'http://tradeeclipse.com/index.php'),
(812, '150.109.253.34', 'http://www.tradeeclipse.com/privacy.php'),
(813, '181.115.214.69', 'http://www.tradeeclipse.com/index.php'),
(814, '181.115.214.69', 'http://www.tradeeclipse.com/dashboard.php'),
(815, '181.115.214.69', 'http://www.tradeeclipse.com/how-it-works.php'),
(816, '128.90.170.14', 'http://tradeeclipse.com/index.php'),
(817, '154.47.16.213', 'http://www.tradeeclipse.com/index.php'),
(818, '66.249.83.7', 'http://tradeeclipse.com/index.php'),
(819, '66.249.83.6', 'http://tradeeclipse.com/index.php'),
(820, '154.47.16.213', 'http://www.tradeeclipse.com/privacy.php'),
(821, '66.249.83.79', 'http://www.tradeeclipse.com/privacy.php'),
(822, '66.249.83.78', 'http://www.tradeeclipse.com/privacy.php'),
(823, '186.84.90.75', 'http://www.tradeeclipse.com/index.php'),
(824, '186.84.90.75', 'http://www.tradeeclipse.com/how-it-works.php'),
(825, '43.130.32.245', 'http://tradeeclipse.com/index.php'),
(826, '207.46.13.87', 'http://www.tradeeclipse.com/how-it-works.php'),
(827, '43.159.63.75', 'http://tradeeclipse.com/about.php'),
(828, '191.156.233.247', 'http://www.tradeeclipse.com/dashboard.php'),
(829, '54.216.233.253', 'http://tradeeclipse.com/index.php'),
(830, '181.115.132.130', 'http://www.tradeeclipse.com/index.php'),
(831, '181.115.132.130', 'http://www.tradeeclipse.com/dashboard.php'),
(832, '181.115.132.130', 'http://www.tradeeclipse.com/privacy.php'),
(833, '67.219.98.100', 'http://tradeeclipse.com/index.php'),
(834, '167.94.146.49', 'http://www.tradeeclipse.com/index.php'),
(835, '102.89.76.55', 'http://www.tradeeclipse.com/index.php'),
(836, '181.176.120.248', 'http://www.tradeeclipse.com/index.php'),
(837, '181.176.120.248', 'http://www.tradeeclipse.com/dashboard.php'),
(838, '181.176.120.248', 'http://www.tradeeclipse.com/dashboard.php?logout=true'),
(839, '181.176.120.248', 'http://www.tradeeclipse.com/about.php'),
(840, '157.55.39.52', 'http://www.tradeeclipse.com/index.php'),
(841, '206.168.34.197', 'http://www.tradeeclipse.com/index.php'),
(842, '3.252.218.76', 'http://www.tradeeclipse.com/index.php'),
(843, '181.176.120.248', 'http://www.tradeeclipse.com/index.php?logout=true'),
(844, '43.163.3.58', 'http://tradeeclipse.com/index.php'),
(845, '49.51.183.220', 'http://tradeeclipse.com/contact.php'),
(846, '49.51.183.220', 'http://tradeeclipse.com/faq.php'),
(847, '43.159.140.236', 'http://tradeeclipse.com/how-it-works.php'),
(848, '190.186.87.3', 'http://www.tradeeclipse.com/index.php'),
(849, '190.186.87.3', 'http://www.tradeeclipse.com/dashboard.php'),
(850, '45.148.10.59', 'http://www.tradeeclipse.com/index.php'),
(851, '3.236.164.132', 'http://tradeeclipse.com/index.php'),
(852, '49.51.179.103', 'http://www.tradeeclipse.com/index.php'),
(853, '43.159.128.237', 'http://www.tradeeclipse.com/about.php'),
(854, '51.81.46.212', 'http://tradeeclipse.com/index.php'),
(855, '170.83.118.247', 'http://www.tradeeclipse.com/index.php'),
(856, '170.83.118.222', 'http://www.tradeeclipse.com/index.php'),
(857, '170.83.118.247', 'http://www.tradeeclipse.com/dashboard.php'),
(858, '170.83.118.159', 'http://www.tradeeclipse.com/dashboard.php?logout=true'),
(859, '170.83.118.159', 'http://www.tradeeclipse.com/index.php'),
(860, '205.169.39.199', 'http://www.tradeeclipse.com/index.php'),
(861, '181.176.100.225', 'http://www.tradeeclipse.com/index.php'),
(862, '181.176.100.225', 'http://www.tradeeclipse.com/dashboard.php'),
(863, '40.77.167.23', 'http://www.tradeeclipse.com/faq.php'),
(864, '105.112.116.178', 'http://tradeeclipse.com/index.php'),
(865, '105.112.116.178', 'http://tradeeclipse.com/faq.php'),
(866, '105.112.116.178', 'http://tradeeclipse.com/dashboard.php'),
(867, '105.112.116.178', 'http://tradeeclipse.com/dashboard.php?logout=true'),
(868, '186.84.90.75', 'http://www.tradeeclipse.com/about.php'),
(869, '186.84.90.75', 'http://www.tradeeclipse.com/contact.php'),
(870, '186.84.90.75', 'http://www.tradeeclipse.com/about.php?logout=true'),
(871, '102.88.82.76', 'http://www.tradeeclipse.com/index.php'),
(872, '43.130.16.140', 'http://www.tradeeclipse.com/contact.php'),
(873, '45.76.46.120', 'http://tradeeclipse.com/index.php'),
(874, '52.167.144.173', 'http://www.tradeeclipse.com/index.php'),
(875, '181.176.123.20', 'http://www.tradeeclipse.com/index.php'),
(876, '181.176.123.20', 'http://www.tradeeclipse.com/dashboard.php'),
(877, '205.169.39.199', 'http://tradeeclipse.com/index.php'),
(878, '154.47.16.104', 'http://www.tradeeclipse.com/index.php'),
(879, '179.51.113.170', 'http://www.tradeeclipse.com/index.php'),
(880, '179.51.113.170', 'http://www.tradeeclipse.com/privacy.php'),
(881, '179.51.113.170', 'http://www.tradeeclipse.com/dashboard.php'),
(882, '181.176.123.20', 'http://www.tradeeclipse.com/how-it-works.php'),
(883, '181.176.123.20', 'http://www.tradeeclipse.com/contact.php'),
(884, '93.158.90.32', 'http://tradeeclipse.com/index.php'),
(885, '40.77.167.28', 'http://www.tradeeclipse.com/contact.php'),
(886, '134.122.63.29', 'http://tradeeclipse.com/index.php'),
(887, '64.23.172.105', 'http://tradeeclipse.com/index.php'),
(888, '34.29.29.243', 'http://tradeeclipse.com/index.php'),
(889, '205.210.31.8', 'http://tradeeclipse.com/index.php'),
(890, '40.77.167.52', 'http://www.tradeeclipse.com/faq.php'),
(891, '43.134.66.205', 'http://www.tradeeclipse.com/about.php'),
(892, '181.115.132.16', 'http://www.tradeeclipse.com/index.php'),
(893, '181.115.132.16', 'http://www.tradeeclipse.com/privacy.php'),
(894, '181.115.132.16', 'http://www.tradeeclipse.com/dashboard.php'),
(895, '43.159.128.237', 'http://tradeeclipse.com/index.php'),
(896, '159.223.66.229', 'http://www.tradeeclipse.com/index.php'),
(897, '134.209.187.245', 'http://www.tradeeclipse.com/index.php'),
(898, '68.183.214.128', 'http://www.tradeeclipse.com/index.php'),
(899, '149.56.150.92', 'http://www.tradeeclipse.com/index.php'),
(900, '149.56.150.92', 'http://www.tradeeclipse.com/contact.php'),
(901, '149.56.150.92', 'http://www.tradeeclipse.com/privacy.php'),
(902, '149.56.150.92', 'http://www.tradeeclipse.com/about.php'),
(903, '149.56.150.92', 'http://www.tradeeclipse.com/faq.php'),
(904, '149.56.150.92', 'http://www.tradeeclipse.com/how-it-works.php'),
(905, '144.217.135.207', 'http://www.tradeeclipse.com/index.php'),
(906, '64.227.111.201', 'http://www.tradeeclipse.com/index.php'),
(907, '43.135.166.178', 'http://tradeeclipse.com/index.php'),
(908, '209.38.110.1', 'http://www.tradeeclipse.com/contact.php'),
(909, '43.163.0.99', 'http://tradeeclipse.com/faq.php'),
(910, '65.21.82.196', 'http://tradeeclipse.com/index.php'),
(911, '150.109.13.194', 'http://tradeeclipse.com/contact.php'),
(912, '150.109.13.194', 'http://tradeeclipse.com/privacy.php'),
(913, '170.83.118.225', 'http://www.tradeeclipse.com/index.php'),
(914, '170.83.118.177', 'http://www.tradeeclipse.com/about.php'),
(915, '170.83.118.177', 'http://www.tradeeclipse.com/index.php'),
(916, '170.83.118.202', 'http://www.tradeeclipse.com/index.php'),
(917, '170.83.118.220', 'http://www.tradeeclipse.com/dashboard.php'),
(918, '170.83.118.171', 'http://www.tradeeclipse.com/index.php'),
(919, '170.83.118.197', 'http://www.tradeeclipse.com/index.php'),
(920, '170.83.118.197', 'http://www.tradeeclipse.com/index.php?logout=true'),
(921, '170.83.118.159', 'http://www.tradeeclipse.com/dashboard.php'),
(922, '170.83.118.209', 'http://www.tradeeclipse.com/index.php'),
(923, '170.83.118.229', 'http://www.tradeeclipse.com/index.php'),
(924, '170.83.118.224', 'http://www.tradeeclipse.com/index.php'),
(925, '74.125.210.106', 'http://tradeeclipse.com/index.php'),
(926, '170.83.118.172', 'http://www.tradeeclipse.com/dashboard.php'),
(927, '190.29.242.72', 'http://www.tradeeclipse.com/index.php'),
(928, '191.156.49.72', 'http://www.tradeeclipse.com/dashboard.php'),
(929, '191.156.40.13', 'http://www.tradeeclipse.com/index.php'),
(930, '191.156.47.31', 'http://www.tradeeclipse.com/dashboard.php'),
(931, '191.156.35.114', 'http://www.tradeeclipse.com/dashboard.php'),
(932, '179.51.113.170', 'http://www.tradeeclipse.com/about.php'),
(933, '89.187.187.123', 'http://tradeeclipse.com/index.php'),
(934, '92.16.216.235', 'http://tradeeclipse.com/index.php'),
(935, '134.209.187.245', 'http://www.tradeeclipse.com/privacy.php'),
(936, '170.83.118.173', 'http://www.tradeeclipse.com/dashboard.php'),
(937, '170.83.118.157', 'http://www.tradeeclipse.com/dashboard.php'),
(938, '170.83.118.170', 'http://www.tradeeclipse.com/dashboard.php?logout=true'),
(939, '170.83.118.164', 'http://www.tradeeclipse.com/dashboard.php'),
(940, '170.83.118.222', 'http://www.tradeeclipse.com/dashboard.php'),
(941, '191.156.40.13', 'http://www.tradeeclipse.com/dashboard.php'),
(942, '170.106.159.160', 'http://tradeeclipse.com/index.php'),
(943, '84.246.85.11', 'http://tradeeclipse.com/index.php'),
(944, '179.51.113.170', 'http://www.tradeeclipse.com/index.php?logout=true'),
(945, '43.159.143.187', 'http://www.tradeeclipse.com/index.php'),
(946, '43.159.143.187', 'http://www.tradeeclipse.com/faq.php'),
(947, '43.159.143.187', 'http://www.tradeeclipse.com/contact.php'),
(948, '128.199.10.124', 'http://www.tradeeclipse.com/how-it-works.php'),
(949, '157.55.39.48', 'http://www.tradeeclipse.com/how-it-works.php'),
(950, '205.169.39.1', 'http://tradeeclipse.com/index.php'),
(951, '34.123.170.104', 'http://tradeeclipse.com/index.php'),
(952, '205.169.39.116', 'http://tradeeclipse.com/index.php'),
(953, '207.154.202.79', 'http://www.tradeeclipse.com/faq.php'),
(954, '128.199.12.145', 'http://www.tradeeclipse.com/index.php'),
(955, '198.235.24.51', 'http://tradeeclipse.com/index.php'),
(956, '42.236.17.20', 'http://tradeeclipse.com/index.php'),
(957, '34.44.221.62', 'http://tradeeclipse.com/index.php'),
(958, '52.167.144.210', 'http://www.tradeeclipse.com/faq.php'),
(959, '43.163.8.148', 'http://www.tradeeclipse.com/how-it-works.php'),
(960, '43.163.8.148', 'http://www.tradeeclipse.com/privacy.php'),
(961, '186.84.90.75', 'http://www.tradeeclipse.com/dashboard.php?logout=true'),
(962, '40.77.167.73', 'http://www.tradeeclipse.com/about.php'),
(963, '191.156.36.154', 'http://www.tradeeclipse.com/index.php'),
(964, '191.156.39.8', 'http://www.tradeeclipse.com/index.php'),
(965, '191.156.39.8', 'http://www.tradeeclipse.com/about.php'),
(966, '191.156.39.105', 'http://www.tradeeclipse.com/dashboard.php'),
(967, '191.156.36.154', 'http://www.tradeeclipse.com/index.php?logout=true'),
(968, '191.156.39.105', 'http://www.tradeeclipse.com/index.php'),
(969, '191.156.37.163', 'http://www.tradeeclipse.com/dashboard.php'),
(970, '191.156.34.23', 'http://www.tradeeclipse.com/index.php'),
(971, '191.156.34.30', 'http://www.tradeeclipse.com/index.php'),
(972, '191.156.34.30', 'http://www.tradeeclipse.com/index.php?logout=true'),
(973, '191.156.41.212', 'http://www.tradeeclipse.com/index.php'),
(974, '191.156.39.8', 'http://www.tradeeclipse.com/index.php?logout=true'),
(975, '191.156.41.212', 'http://www.tradeeclipse.com/dashboard.php'),
(976, '46.101.75.43', 'http://www.tradeeclipse.com/about.php'),
(977, '40.77.167.254', 'http://www.tradeeclipse.com/index.php'),
(978, '52.167.144.138', 'http://www.tradeeclipse.com/faq.php'),
(979, '52.167.144.138', 'http://tradeeclipse.com/index.php'),
(980, '191.156.40.80', 'http://www.tradeeclipse.com/index.php'),
(981, '207.246.111.62', 'http://tradeeclipse.com/index.php'),
(982, '170.83.118.162', 'http://www.tradeeclipse.com/dashboard.php'),
(983, '170.83.118.162', 'http://www.tradeeclipse.com/dashboard.php?logout=true'),
(984, '170.83.118.155', 'http://www.tradeeclipse.com/dashboard.php'),
(985, '170.83.118.131', 'http://www.tradeeclipse.com/dashboard.php'),
(986, '152.42.225.30', 'http://tradeeclipse.com/index.php'),
(987, '49.51.206.130', 'http://tradeeclipse.com/index.php'),
(988, '52.167.144.179', 'http://www.tradeeclipse.com/index.php'),
(989, '43.134.170.46', 'http://www.tradeeclipse.com/about.php'),
(990, '64.23.130.220', 'http://tradeeclipse.com/index.php'),
(991, '43.135.133.194', 'http://www.tradeeclipse.com/index.php'),
(992, '181.115.136.91', 'http://www.tradeeclipse.com/index.php'),
(993, '181.115.136.91', 'http://www.tradeeclipse.com/dashboard.php'),
(994, '134.122.43.241', 'http://tradeeclipse.com/index.php'),
(995, '191.156.176.201', 'http://www.tradeeclipse.com/index.php'),
(996, '191.156.190.112', 'http://www.tradeeclipse.com/dashboard.php'),
(997, '84.239.41.19', 'http://www.tradeeclipse.com/index.php'),
(998, '84.239.41.19', 'http://www.tradeeclipse.com/how-it-works.php'),
(999, '84.239.41.19', 'http://www.tradeeclipse.com/about.php'),
(1000, '84.239.41.19', 'http://www.tradeeclipse.com/faq.php'),
(1001, '84.239.41.19', 'http://www.tradeeclipse.com/privacy.php'),
(1002, '84.239.41.19', 'http://www.tradeeclipse.com/contact.php'),
(1003, '43.163.8.36', 'http://tradeeclipse.com/about.php'),
(1004, '43.155.166.202', 'http://tradeeclipse.com/privacy.php'),
(1005, '43.163.1.85', 'http://tradeeclipse.com/how-it-works.php'),
(1006, '43.163.1.85', 'http://tradeeclipse.com/index.php'),
(1007, '124.156.193.7', 'http://tradeeclipse.com/faq.php'),
(1008, '5.133.192.87', 'http://tradeeclipse.com/index.php'),
(1009, '191.81.253.38', 'http://www.tradeeclipse.com/index.php'),
(1010, '191.81.253.38', 'http://www.tradeeclipse.com/dashboard.php'),
(1011, '191.81.253.38', 'http://www.tradeeclipse.com/about.php'),
(1012, '191.81.253.38', 'http://www.tradeeclipse.com/invest.php?package=premium'),
(1013, '67.219.100.244', 'http://tradeeclipse.com/index.php'),
(1014, '18.222.252.142', 'http://tradeeclipse.com/index.php'),
(1015, '170.83.118.187', 'http://www.tradeeclipse.com/dashboard.php'),
(1016, '170.83.118.193', 'http://www.tradeeclipse.com/about.php'),
(1017, '170.83.118.198', 'http://www.tradeeclipse.com/about.php'),
(1018, '170.83.118.198', 'http://www.tradeeclipse.com/dashboard.php'),
(1019, '170.83.118.210', 'http://www.tradeeclipse.com/dashboard.php'),
(1020, '43.128.100.206', 'http://tradeeclipse.com/contact.php'),
(1021, '181.115.136.99', 'http://www.tradeeclipse.com/index.php'),
(1022, '161.56.40.233', 'http://www.tradeeclipse.com/dashboard.php'),
(1023, '170.106.84.136', 'http://www.tradeeclipse.com/faq.php'),
(1024, '170.106.84.136', 'http://www.tradeeclipse.com/contact.php'),
(1025, '40.77.167.36', 'http://www.tradeeclipse.com/faq.php'),
(1026, '40.77.167.247', 'http://www.tradeeclipse.com/about.php'),
(1027, '43.130.34.74', 'http://tradeeclipse.com/index.php'),
(1028, '222.79.104.23', 'http://www.tradeeclipse.com/index.php'),
(1029, '170.106.82.193', 'http://www.tradeeclipse.com/index.php'),
(1030, '49.51.183.220', 'http://www.tradeeclipse.com/how-it-works.php'),
(1031, '43.155.136.16', 'http://www.tradeeclipse.com/privacy.php'),
(1032, '62.122.184.194', 'http://tradeeclipse.com/index.php'),
(1033, '43.135.129.233', 'http://www.tradeeclipse.com/index.php'),
(1034, '92.255.85.164', 'http://tradeeclipse.com/index.php'),
(1035, '52.167.144.191', 'http://www.tradeeclipse.com/how-it-works.php'),
(1036, '207.46.13.116', 'http://www.tradeeclipse.com/about.php'),
(1037, '167.172.62.186', 'http://tradeeclipse.com/index.php'),
(1038, '43.131.248.209', 'http://www.tradeeclipse.com/index.php'),
(1039, '135.148.195.4', 'http://tradeeclipse.com/index.php'),
(1040, '49.51.243.156', 'http://www.tradeeclipse.com/about.php'),
(1041, '52.167.144.17', 'http://www.tradeeclipse.com/faq.php'),
(1042, '43.128.100.206', 'http://www.tradeeclipse.com/index.php'),
(1043, '131.202.222.27', 'http://tradeeclipse.com/index.php'),
(1044, '43.131.249.153', 'http://tradeeclipse.com/contact.php'),
(1045, '43.159.128.237', 'http://tradeeclipse.com/how-it-works.php'),
(1046, '102.88.68.231', 'http://www.tradeeclipse.com/index.php'),
(1047, '186.148.182.162', 'http://www.tradeeclipse.com/index.php'),
(1048, '186.148.182.162', 'http://www.tradeeclipse.com/dashboard.php'),
(1049, '40.77.167.30', 'http://www.tradeeclipse.com/how-it-works.php'),
(1050, '200.68.186.6', 'http://www.tradeeclipse.com/index.php'),
(1051, '200.68.186.6', 'http://www.tradeeclipse.com/dashboard.php'),
(1052, '45.32.204.122', 'http://tradeeclipse.com/index.php'),
(1053, '84.17.42.9', 'http://tradeeclipse.com/index.php'),
(1054, '43.159.143.187', 'http://tradeeclipse.com/index.php'),
(1055, '199.45.154.125', 'http://www.tradeeclipse.com/index.php'),
(1056, '102.89.32.94', 'http://www.tradeeclipse.com/index.php'),
(1057, '190.77.30.196', 'http://www.tradeeclipse.com/index.php'),
(1058, '190.77.30.196', 'http://www.tradeeclipse.com/dashboard.php'),
(1059, '190.77.30.196', 'http://www.tradeeclipse.com/about.php'),
(1060, '206.168.34.208', 'http://tradeeclipse.com/index.php'),
(1061, '43.153.216.189', 'http://www.tradeeclipse.com/contact.php'),
(1062, '199.45.155.84', 'http://www.tradeeclipse.com/index.php'),
(1063, '157.55.39.58', 'http://www.tradeeclipse.com/faq.php'),
(1064, '35.165.215.140', 'http://www.tradeeclipse.com/index.php'),
(1065, '35.165.215.140', 'http://tradeeclipse.com/index.php'),
(1066, '223.15.245.170', 'http://www.tradeeclipse.com/index.php'),
(1067, '207.46.13.126', 'http://www.tradeeclipse.com/faq.php'),
(1068, '43.130.62.164', 'http://www.tradeeclipse.com/index.php'),
(1069, '200.90.105.178', 'http://www.tradeeclipse.com/dashboard.php'),
(1070, '43.155.138.79', 'http://www.tradeeclipse.com/how-it-works.php'),
(1071, '102.89.22.69', 'http://www.tradeeclipse.com/index.php'),
(1072, '43.159.143.187', 'http://tradeeclipse.com/about.php'),
(1073, '130.255.166.122', 'http://tradeeclipse.com/index.php'),
(1074, '200.68.186.215', 'http://www.tradeeclipse.com/index.php'),
(1075, '200.68.186.215', 'http://www.tradeeclipse.com/dashboard.php'),
(1076, '139.84.226.77', 'http://tradeeclipse.com/index.php'),
(1077, '137.226.113.44', 'http://www.tradeeclipse.com/index.php'),
(1078, '190.129.198.29', 'http://www.tradeeclipse.com/index.php'),
(1079, '190.129.198.29', 'http://www.tradeeclipse.com/dashboard.php'),
(1080, '43.155.183.138', 'http://www.tradeeclipse.com/index.php'),
(1081, '186.167.172.187', 'http://www.tradeeclipse.com/dashboard.php'),
(1082, '186.167.172.243', 'http://www.tradeeclipse.com/dashboard.php'),
(1083, '43.130.3.122', 'http://www.tradeeclipse.com/about.php'),
(1084, '93.159.230.28', 'http://tradeeclipse.com/index.php'),
(1085, '186.167.172.111', 'http://www.tradeeclipse.com/dashboard.php'),
(1086, '186.167.172.111', 'http://www.tradeeclipse.com/contact.php'),
(1087, '198.235.24.204', 'http://tradeeclipse.com/index.php'),
(1088, '195.178.110.135', 'http://tradeeclipse.com/index.php'),
(1089, '152.42.131.173', 'http://tradeeclipse.com/index.php'),
(1090, '207.46.13.64', 'http://tradeeclipse.com/index.php'),
(1091, '105.112.231.221', 'http://tradeeclipse.com/index.php'),
(1092, '186.167.186.176', 'http://www.tradeeclipse.com/dashboard.php'),
(1093, '157.55.39.55', 'http://www.tradeeclipse.com/faq.php'),
(1094, '186.167.179.119', 'http://www.tradeeclipse.com/index.php'),
(1095, '157.55.39.6', 'http://www.tradeeclipse.com/how-it-works.php'),
(1096, '49.51.72.76', 'http://www.tradeeclipse.com/index.php'),
(1097, '43.153.216.189', 'http://tradeeclipse.com/contact.php'),
(1098, '43.134.66.205', 'http://tradeeclipse.com/privacy.php'),
(1099, '43.134.66.205', 'http://tradeeclipse.com/how-it-works.php'),
(1100, '189.28.77.123', 'http://www.tradeeclipse.com/index.php'),
(1101, '189.28.77.123', 'http://www.tradeeclipse.com/dashboard.php'),
(1102, '204.236.176.50', 'http://tradeeclipse.com/index.php'),
(1103, '185.159.130.38', 'http://tradeeclipse.com/index.php'),
(1104, '43.128.100.220', 'http://www.tradeeclipse.com/index.php'),
(1105, '43.155.183.138', 'http://www.tradeeclipse.com/faq.php'),
(1106, '43.155.183.138', 'http://www.tradeeclipse.com/contact.php'),
(1107, '49.51.36.179', 'http://www.tradeeclipse.com/index.php'),
(1108, '40.77.167.8', 'http://tradeeclipse.com/index.php'),
(1109, '124.225.164.130', 'http://www.tradeeclipse.com/index.php'),
(1110, '43.135.129.233', 'http://tradeeclipse.com/index.php'),
(1111, '52.167.144.218', 'http://www.tradeeclipse.com/faq.php'),
(1112, '34.171.119.61', 'http://tradeeclipse.com/index.php'),
(1113, '43.134.142.8', 'http://www.tradeeclipse.com/privacy.php'),
(1114, '43.134.142.8', 'http://www.tradeeclipse.com/how-it-works.php'),
(1115, '43.130.3.122', 'http://tradeeclipse.com/faq.php'),
(1116, '43.130.16.212', 'http://tradeeclipse.com/about.php'),
(1117, '66.42.91.6', 'http://tradeeclipse.com/index.php'),
(1118, '43.130.31.48', 'http://tradeeclipse.com/index.php'),
(1119, '52.167.144.185', 'http://www.tradeeclipse.com/index.php'),
(1120, '104.248.143.6', 'http://tradeeclipse.com/index.php'),
(1121, '84.17.42.9', 'http://tradeeclipse.com/privacy.php'),
(1122, '102.89.22.24', 'http://www.tradeeclipse.com/index.php'),
(1123, '52.167.144.198', 'http://www.tradeeclipse.com/faq.php'),
(1124, '47.27.109.16', 'http://www.tradeeclipse.com/index.php'),
(1125, '47.27.109.16', 'http://www.tradeeclipse.com/dashboard.php'),
(1126, '37.139.53.167', 'http://tradeeclipse.com/index.php'),
(1127, '43.128.100.206', 'http://tradeeclipse.com/index.php'),
(1128, '186.24.204.154', 'http://www.tradeeclipse.com/dashboard.php'),
(1129, '43.135.133.194', 'http://tradeeclipse.com/how-it-works.php'),
(1130, '43.128.110.17', 'http://tradeeclipse.com/contact.php'),
(1131, '200.90.127.171', 'http://www.tradeeclipse.com/dashboard.php'),
(1132, '186.185.49.119', 'http://www.tradeeclipse.com/dashboard.php'),
(1133, '191.156.149.113', 'http://www.tradeeclipse.com/index.php'),
(1134, '191.156.151.227', 'http://www.tradeeclipse.com/index.php'),
(1135, '191.156.151.227', 'http://www.tradeeclipse.com/dashboard.php'),
(1136, '191.156.155.25', 'http://www.tradeeclipse.com/index.php'),
(1137, '191.156.155.25', 'http://www.tradeeclipse.com/dashboard.php'),
(1138, '191.156.150.175', 'http://www.tradeeclipse.com/index.php'),
(1139, '191.156.149.24', 'http://www.tradeeclipse.com/index.php'),
(1140, '191.156.149.24', 'http://www.tradeeclipse.com/about.php'),
(1141, '191.156.156.35', 'http://www.tradeeclipse.com/dashboard.php'),
(1142, '191.156.156.35', 'http://www.tradeeclipse.com/dashboard.php?logout=true'),
(1143, '191.156.146.28', 'http://www.tradeeclipse.com/index.php'),
(1144, '200.90.127.171', 'http://www.tradeeclipse.com/index.php'),
(1145, '191.156.144.230', 'http://www.tradeeclipse.com/index.php'),
(1146, '191.156.150.83', 'http://www.tradeeclipse.com/index.php'),
(1147, '191.156.150.83', 'http://www.tradeeclipse.com/dashboard.php'),
(1148, '186.185.54.36', 'http://www.tradeeclipse.com/dashboard.php'),
(1149, '205.210.31.48', 'http://tradeeclipse.com/index.php'),
(1150, '191.156.146.28', 'http://www.tradeeclipse.com/dashboard.php'),
(1151, '5.133.192.127', 'http://tradeeclipse.com/index.php'),
(1152, '200.68.159.190', 'http://www.tradeeclipse.com/index.php'),
(1153, '200.68.159.190', 'http://www.tradeeclipse.com/dashboard.php'),
(1154, '200.93.53.204', 'http://www.tradeeclipse.com/dashboard.php'),
(1155, '200.93.53.204', 'http://www.tradeeclipse.com/contact.php'),
(1156, '91.92.245.204', 'http://tradeeclipse.com/index.php'),
(1157, '191.156.63.109', 'http://www.tradeeclipse.com/index.php'),
(1158, '191.156.63.109', 'http://www.tradeeclipse.com/dashboard.php'),
(1159, '43.130.34.74', 'http://www.tradeeclipse.com/index.php'),
(1160, '43.130.34.74', 'http://www.tradeeclipse.com/faq.php'),
(1161, '43.159.140.236', 'http://www.tradeeclipse.com/contact.php'),
(1162, '43.155.160.173', 'http://www.tradeeclipse.com/index.php'),
(1163, '159.89.114.40', 'http://tradeeclipse.com/index.php'),
(1164, '198.235.24.31', 'http://tradeeclipse.com/index.php'),
(1165, '185.161.203.84', 'http://tradeeclipse.com/index.php'),
(1166, '149.34.252.56', 'http://tradeeclipse.com/index.php'),
(1167, '217.114.38.181', 'http://www.tradeeclipse.com/index.php'),
(1168, '114.80.36.40', 'http://www.tradeeclipse.com/index.php'),
(1169, '149.88.19.9', 'http://tradeeclipse.com/index.php'),
(1170, '149.88.25.204', 'http://www.tradeeclipse.com/index.php'),
(1171, '40.77.167.48', 'http://www.tradeeclipse.com/faq.php'),
(1172, '191.156.63.44', 'http://www.tradeeclipse.com/index.php'),
(1173, '191.156.61.246', 'http://www.tradeeclipse.com/dashboard.php'),
(1174, '34.41.126.196', 'http://tradeeclipse.com/index.php'),
(1175, '24.196.193.10', 'http://www.tradeeclipse.com/index.php'),
(1176, '24.196.193.10', 'http://www.tradeeclipse.com/dashboard.php'),
(1177, '191.156.237.28', 'http://www.tradeeclipse.com/dashboard.php'),
(1178, '43.159.128.149', 'http://www.tradeeclipse.com/index.php'),
(1179, '114.103.222.64', 'http://tradeeclipse.com/index.php'),
(1180, '43.155.183.138', 'http://www.tradeeclipse.com/how-it-works.php'),
(1181, '43.155.183.138', 'http://www.tradeeclipse.com/privacy.php'),
(1182, '46.159.222.171', 'http://tradeeclipse.com/index.php'),
(1183, '43.131.44.218', 'http://tradeeclipse.com/index.php'),
(1184, '206.232.3.4', 'http://tradeeclipse.com/index.php'),
(1185, '52.167.144.166', 'http://tradeeclipse.com/index.php'),
(1186, '85.174.202.38', 'http://tradeeclipse.com/index.php'),
(1187, '43.135.133.194', 'http://tradeeclipse.com/about.php'),
(1188, '49.51.72.76', 'http://tradeeclipse.com/faq.php'),
(1189, '181.115.136.146', 'http://www.tradeeclipse.com/index.php'),
(1190, '181.115.136.146', 'http://www.tradeeclipse.com/dashboard.php'),
(1191, '87.236.176.90', 'http://www.tradeeclipse.com/index.php'),
(1192, '191.156.61.32', 'http://www.tradeeclipse.com/index.php'),
(1193, '191.156.57.12', 'http://www.tradeeclipse.com/dashboard.php'),
(1194, '52.167.144.189', 'http://www.tradeeclipse.com/index.php'),
(1195, '188.147.13.2', 'http://tradeeclipse.com/index.php'),
(1196, '179.1.142.36', 'http://www.tradeeclipse.com/index.php'),
(1197, '179.1.142.36', 'http://www.tradeeclipse.com/dashboard.php'),
(1198, '87.236.176.87', 'http://www.tradeeclipse.com/index.php'),
(1199, '178.254.12.183', 'http://tradeeclipse.com/index.php'),
(1200, '159.65.173.168', 'http://tradeeclipse.com/index.php'),
(1201, '87.236.176.131', 'http://tradeeclipse.com/index.php'),
(1202, '52.167.144.174', 'http://www.tradeeclipse.com/faq.php'),
(1203, '87.236.176.31', 'http://tradeeclipse.com/index.php'),
(1204, '146.190.103.52', 'http://tradeeclipse.com/index.php'),
(1205, '40.77.167.8', 'http://www.tradeeclipse.com/how-it-works.php'),
(1206, '49.51.243.156', 'http://www.tradeeclipse.com/index.php'),
(1207, '49.51.243.156', 'http://www.tradeeclipse.com/faq.php'),
(1208, '43.128.100.220', 'http://www.tradeeclipse.com/contact.php'),
(1209, '191.156.147.240', 'http://www.tradeeclipse.com/index.php'),
(1210, '191.156.156.162', 'http://www.tradeeclipse.com/dashboard.php'),
(1211, '191.156.147.90', 'http://www.tradeeclipse.com/index.php'),
(1212, '191.156.150.90', 'http://www.tradeeclipse.com/dashboard.php'),
(1213, '191.156.148.219', 'http://www.tradeeclipse.com/index.php'),
(1214, '191.156.147.90', 'http://www.tradeeclipse.com/dashboard.php'),
(1215, '191.156.148.219', 'http://www.tradeeclipse.com/dashboard.php'),
(1216, '191.156.57.212', 'http://www.tradeeclipse.com/dashboard.php'),
(1217, '191.156.54.236', 'http://www.tradeeclipse.com/dashboard.php'),
(1218, '191.156.55.113', 'http://www.tradeeclipse.com/dashboard.php'),
(1219, '191.156.48.124', 'http://www.tradeeclipse.com/dashboard.php'),
(1220, '216.128.130.122', 'http://tradeeclipse.com/index.php'),
(1221, '43.131.243.208', 'http://tradeeclipse.com/index.php'),
(1222, '43.131.243.208', 'http://tradeeclipse.com/privacy.php'),
(1223, '199.45.155.70', 'http://tradeeclipse.com/index.php'),
(1224, '162.0.235.7', 'http://tradeeclipse.com/index.php'),
(1225, '199.45.154.117', 'http://tradeeclipse.com/index.php'),
(1226, '54.74.254.110', 'http://tradeeclipse.com/index.php'),
(1227, '45.61.48.223', 'http://www.tradeeclipse.com/index.php'),
(1228, '49.51.204.74', 'http://tradeeclipse.com/how-it-works.php'),
(1229, '49.51.243.156', 'http://tradeeclipse.com/contact.php'),
(1230, '205.169.39.22', 'http://tradeeclipse.com/index.php'),
(1231, '91.92.253.104', 'http://tradeeclipse.com/index.php'),
(1232, '102.89.75.159', 'http://tradeeclipse.com/index.php'),
(1233, '205.210.31.39', 'http://tradeeclipse.com/index.php'),
(1234, '207.46.13.141', 'http://www.tradeeclipse.com/faq.php'),
(1235, '157.55.39.201', 'http://tradeeclipse.com/index.php'),
(1236, '159.203.59.207', 'http://www.tradeeclipse.com/index.php'),
(1237, '34.71.214.157', 'http://tradeeclipse.com/index.php'),
(1238, '68.183.3.55', 'http://www.tradeeclipse.com/index.php'),
(1239, '150.109.253.34', 'http://www.tradeeclipse.com/index.php'),
(1240, '43.163.8.36', 'http://www.tradeeclipse.com/privacy.php'),
(1241, '43.163.6.124', 'http://www.tradeeclipse.com/how-it-works.php'),
(1242, '91.92.245.204', 'http://tradeeclipse.com/contact.php'),
(1243, '207.46.13.64', 'http://www.tradeeclipse.com/about.php'),
(1244, '157.55.39.48', 'http://www.tradeeclipse.com/about.php'),
(1245, '186.84.90.188', 'http://www.tradeeclipse.com/dashboard.php'),
(1246, '43.152.72.247', 'http://www.tradeeclipse.com/about.php'),
(1247, '40.77.190.197', 'http://www.tradeeclipse.com/about.php'),
(1248, '181.115.214.187', 'http://www.tradeeclipse.com/index.php'),
(1249, '181.115.214.187', 'http://www.tradeeclipse.com/dashboard.php'),
(1250, '181.115.214.187', 'http://tradeeclipse.com/privacy.php'),
(1251, '181.115.214.187', 'http://tradeeclipse.com/dashboard.php'),
(1252, '181.115.214.187', 'http://tradeeclipse.com/faq.php'),
(1253, '146.190.37.55', 'http://tradeeclipse.com/index.php'),
(1254, '183.160.195.54', 'http://tradeeclipse.com/index.php'),
(1255, '54.242.252.195', 'http://tradeeclipse.com/index.php'),
(1256, '40.77.167.65', 'http://www.tradeeclipse.com/index.php'),
(1257, '60.166.2.227', 'http://tradeeclipse.com/index.php'),
(1258, '52.167.144.168', 'http://www.tradeeclipse.com/faq.php'),
(1259, '34.31.78.194', 'http://tradeeclipse.com/index.php'),
(1260, '159.203.174.37', 'http://tradeeclipse.com/index.php'),
(1261, '43.131.243.208', 'http://www.tradeeclipse.com/index.php'),
(1262, '43.131.243.208', 'http://www.tradeeclipse.com/faq.php'),
(1263, '43.131.243.208', 'http://www.tradeeclipse.com/contact.php'),
(1264, '124.156.193.7', 'http://tradeeclipse.com/privacy.php'),
(1265, '124.156.193.7', 'http://tradeeclipse.com/how-it-works.php'),
(1266, '52.167.144.234', 'http://www.tradeeclipse.com/privacy.php'),
(1267, '43.130.39.101', 'http://tradeeclipse.com/index.php'),
(1268, '43.155.160.173', 'http://www.tradeeclipse.com/privacy.php'),
(1269, '181.115.214.70', 'http://www.tradeeclipse.com/index.php'),
(1270, '181.115.214.70', 'http://www.tradeeclipse.com/dashboard.php'),
(1271, '147.185.132.72', 'http://tradeeclipse.com/index.php'),
(1272, '158.255.215.231', 'http://www.tradeeclipse.com/index.php'),
(1273, '34.138.5.134', 'http://www.tradeeclipse.com/contact.php'),
(1274, '52.167.144.225', 'http://tradeeclipse.com/index.php'),
(1275, '40.77.167.68', 'http://www.tradeeclipse.com/faq.php'),
(1276, '42.236.12.220', 'http://tradeeclipse.com/index.php'),
(1277, '35.184.105.190', 'http://tradeeclipse.com/index.php'),
(1278, '181.115.133.182', 'http://www.tradeeclipse.com/index.php'),
(1279, '181.115.133.58', 'http://www.tradeeclipse.com/index.php'),
(1280, '181.115.133.58', 'http://www.tradeeclipse.com/dashboard.php'),
(1281, '43.130.47.136', 'http://www.tradeeclipse.com/index.php'),
(1282, '191.156.233.195', 'http://www.tradeeclipse.com/index.php'),
(1283, '191.156.233.196', 'http://www.tradeeclipse.com/dashboard.php'),
(1284, '191.156.233.196', 'http://www.tradeeclipse.com/index.php'),
(1285, '128.90.174.5', 'http://tradeeclipse.com/index.php'),
(1286, '191.156.150.150', 'http://www.tradeeclipse.com/dashboard.php'),
(1287, '191.156.144.218', 'http://www.tradeeclipse.com/dashboard.php'),
(1288, '52.167.144.225', 'http://www.tradeeclipse.com/about.php'),
(1289, '191.156.61.33', 'http://www.tradeeclipse.com/dashboard.php'),
(1290, '191.156.56.234', 'http://www.tradeeclipse.com/faq.php'),
(1291, '191.156.56.61', 'http://www.tradeeclipse.com/dashboard.php'),
(1292, '54.219.32.145', 'http://tradeeclipse.com/index.php'),
(1293, '45.77.192.236', 'http://tradeeclipse.com/index.php'),
(1294, '167.94.146.51', 'http://tradeeclipse.com/index.php'),
(1295, '191.156.229.197', 'http://www.tradeeclipse.com/index.php'),
(1296, '191.156.238.54', 'http://www.tradeeclipse.com/dashboard.php'),
(1297, '191.156.229.197', 'http://www.tradeeclipse.com/dashboard.php'),
(1298, '13.82.54.38', 'http://tradeeclipse.com/index.php'),
(1299, '43.159.128.149', 'http://tradeeclipse.com/index.php'),
(1300, '43.163.6.35', 'http://tradeeclipse.com/about.php'),
(1301, '200.87.152.130', 'http://www.tradeeclipse.com/index.php'),
(1302, '200.87.152.130', 'http://www.tradeeclipse.com/dashboard.php'),
(1303, '45.148.10.59', 'http://tradeeclipse.com/index.php'),
(1304, '104.248.42.100', 'http://tradeeclipse.com/index.php'),
(1305, '43.159.128.172', 'http://www.tradeeclipse.com/index.php'),
(1306, '52.167.144.180', 'http://www.tradeeclipse.com/faq.php'),
(1307, '191.156.61.91', 'http://www.tradeeclipse.com/dashboard.php'),
(1308, '189.138.1.114', 'http://www.tradeeclipse.com/index.php'),
(1309, '189.138.1.114', 'http://www.tradeeclipse.com/dashboard.php'),
(1310, '43.155.138.79', 'http://www.tradeeclipse.com/contact.php'),
(1311, '43.128.100.206', 'http://www.tradeeclipse.com/faq.php'),
(1312, '198.235.24.56', 'http://tradeeclipse.com/index.php'),
(1313, '149.154.161.200', 'http://www.tradeeclipse.com/index.php'),
(1314, '179.19.60.129', 'http://www.tradeeclipse.com/index.php'),
(1315, '43.155.138.79', 'http://tradeeclipse.com/how-it-works.php'),
(1316, '179.19.60.129', 'http://www.tradeeclipse.com/dashboard.php'),
(1317, '179.19.60.129', 'http://www.tradeeclipse.com/dashboard.php?logout=true'),
(1318, '191.156.55.238', 'http://www.tradeeclipse.com/dashboard.php'),
(1319, '179.19.60.129', 'http://www.tradeeclipse.com/about.php'),
(1320, '179.19.60.129', 'http://www.tradeeclipse.com/how-it-works.php'),
(1321, '52.167.144.180', 'http://www.tradeeclipse.com/privacy.php'),
(1322, '43.133.72.69', 'http://tradeeclipse.com/index.php'),
(1323, '43.134.170.46', 'http://tradeeclipse.com/privacy.php'),
(1324, '191.156.226.52', 'http://www.tradeeclipse.com/dashboard.php'),
(1325, '34.155.153.172', 'http://tradeeclipse.com/index.php'),
(1326, '34.155.153.172', 'http://tradeeclipse.com/contact.php'),
(1327, '34.155.153.172', 'http://tradeeclipse.com/about.php'),
(1328, '34.155.153.172', 'http://tradeeclipse.com/how-it-works.php'),
(1329, '34.155.153.172', 'http://tradeeclipse.com/faq.php'),
(1330, '34.155.153.172', 'http://tradeeclipse.com/privacy.php'),
(1331, '43.155.169.133', 'http://www.tradeeclipse.com/how-it-works.php'),
(1332, '5.133.192.99', 'http://tradeeclipse.com/index.php'),
(1333, '52.167.144.163', 'http://tradeeclipse.com/index.php'),
(1334, '120.230.23.53', 'http://tradeeclipse.com/index.php'),
(1335, '191.156.235.242', 'http://www.tradeeclipse.com/dashboard.php'),
(1336, '199.244.88.232', 'http://tradeeclipse.com/index.php'),
(1337, '52.167.144.161', 'http://www.tradeeclipse.com/faq.php'),
(1338, '192.99.148.106', 'http://tradeeclipse.com/index.php'),
(1339, '192.99.148.106', 'http://tradeeclipse.com/contact.php'),
(1340, '179.19.229.134', 'http://www.tradeeclipse.com/index.php'),
(1341, '179.19.229.134', 'http://www.tradeeclipse.com/dashboard.php'),
(1342, '189.142.142.193', 'http://www.tradeeclipse.com/index.php'),
(1343, '189.142.142.193', 'http://www.tradeeclipse.com/dashboard.php'),
(1344, '42.236.101.208', 'http://tradeeclipse.com/index.php'),
(1345, '102.91.102.242', 'http://www.tradeeclipse.com/index.php'),
(1346, '190.186.81.12', 'http://www.tradeeclipse.com/index.php'),
(1347, '190.186.81.12', 'http://www.tradeeclipse.com/dashboard.php'),
(1348, '191.156.235.242', 'http://www.tradeeclipse.com/index.php'),
(1349, '196.49.26.134', 'http://tradeeclipse.com/index.php'),
(1350, '184.94.240.88', 'http://www.tradeeclipse.com/index.php'),
(1351, '184.94.240.88', 'http://www.tradeeclipse.com/about.php'),
(1352, '149.28.240.93', 'http://tradeeclipse.com/index.php'),
(1353, '42.236.12.208', 'http://tradeeclipse.com/index.php'),
(1354, '179.19.64.177', 'http://www.tradeeclipse.com/dashboard.php'),
(1355, '88.99.191.176', 'http://tradeeclipse.com/index.php'),
(1356, '205.210.31.151', 'http://tradeeclipse.com/index.php'),
(1357, '43.131.44.218', 'http://www.tradeeclipse.com/index.php'),
(1358, '178.128.155.214', 'http://tradeeclipse.com/index.php'),
(1359, '40.77.167.56', 'http://www.tradeeclipse.com/faq.php'),
(1360, '191.156.152.230', 'http://www.tradeeclipse.com/index.php'),
(1361, '191.156.146.178', 'http://www.tradeeclipse.com/dashboard.php'),
(1362, '43.155.169.133', 'http://www.tradeeclipse.com/faq.php'),
(1363, '43.155.169.133', 'http://www.tradeeclipse.com/contact.php'),
(1364, '200.68.169.200', 'http://tradeeclipse.com/index.php'),
(1365, '200.68.169.200', 'http://tradeeclipse.com/dashboard.php'),
(1366, '43.163.8.36', 'http://tradeeclipse.com/contact.php'),
(1367, '175.6.217.4', 'http://www.tradeeclipse.com/index.php'),
(1368, '13.82.54.38', 'http://tradeeclipse.com/contact.php'),
(1369, '13.82.54.38', 'http://www.tradeeclipse.com/index.php'),
(1370, '13.82.54.38', 'http://tradeeclipse.com/about.php'),
(1371, '13.82.54.38', 'http://www.tradeeclipse.com/contact.php'),
(1372, '13.82.54.38', 'http://www.tradeeclipse.com/about.php'),
(1373, '167.94.145.109', 'http://www.tradeeclipse.com/index.php'),
(1374, '191.156.60.244', 'http://www.tradeeclipse.com/dashboard.php'),
(1375, '191.156.55.188', 'http://www.tradeeclipse.com/dashboard.php'),
(1376, '152.42.131.23', 'http://tradeeclipse.com/index.php'),
(1377, '147.185.132.103', 'http://tradeeclipse.com/index.php'),
(1378, '40.77.167.61', 'http://www.tradeeclipse.com/how-it-works.php'),
(1379, '170.106.171.77', 'http://www.tradeeclipse.com/index.php'),
(1380, '207.46.13.126', 'http://www.tradeeclipse.com/privacy.php'),
(1381, '175.6.217.4', 'http://tradeeclipse.com/index.php'),
(1382, '191.156.52.167', 'http://www.tradeeclipse.com/index.php'),
(1383, '191.156.55.201', 'http://www.tradeeclipse.com/dashboard.php'),
(1384, '178.128.237.216', 'http://tradeeclipse.com/index.php'),
(1385, '43.130.16.212', 'http://tradeeclipse.com/index.php'),
(1386, '191.156.59.111', 'http://www.tradeeclipse.com/index.php'),
(1387, '191.156.49.44', 'http://www.tradeeclipse.com/dashboard.php'),
(1388, '191.156.54.179', 'http://www.tradeeclipse.com/index.php'),
(1389, '136.226.58.193', 'http://www.tradeeclipse.com/index.php'),
(1390, '136.226.58.193', 'http://www.tradeeclipse.com/how-it-works.php'),
(1391, '136.226.58.193', 'http://www.tradeeclipse.com/dashboard.php'),
(1392, '136.226.58.193', 'http://www.tradeeclipse.com/faq.php'),
(1393, '136.226.58.193', 'http://www.tradeeclipse.com/contact.php'),
(1394, '136.226.58.193', 'http://www.tradeeclipse.com/about.php'),
(1395, '136.226.58.193', 'http://www.tradeeclipse.com/privacy.php'),
(1396, '142.93.220.161', 'http://tradeeclipse.com/index.php'),
(1397, '136.226.58.193', 'http://www.tradeeclipse.com/privacy.php?logout=true'),
(1398, '92.118.39.244', 'http://tradeeclipse.com/index.php'),
(1399, '43.153.216.189', 'http://tradeeclipse.com/privacy.php'),
(1400, '191.156.231.112', 'http://www.tradeeclipse.com/index.php'),
(1401, '191.156.231.112', 'http://www.tradeeclipse.com/dashboard.php'),
(1402, '186.84.90.188', 'http://www.tradeeclipse.com/dashboard.php?logout=true'),
(1403, '186.84.90.188', 'http://www.tradeeclipse.com/contact.php'),
(1404, '186.84.90.188', 'http://www.tradeeclipse.com/privacy.php'),
(1405, '43.163.8.36', 'http://tradeeclipse.com/index.php'),
(1406, '43.155.166.202', 'http://tradeeclipse.com/how-it-works.php'),
(1407, '15.204.142.133', 'http://tradeeclipse.com/index.php'),
(1408, '157.55.39.11', 'http://www.tradeeclipse.com/about.php'),
(1409, '199.244.88.221', 'http://tradeeclipse.com/index.php'),
(1410, '138.197.157.50', 'http://tradeeclipse.com/index.php'),
(1411, '38.242.145.123', 'http://tradeeclipse.com/index.php'),
(1412, '43.131.249.153', 'http://tradeeclipse.com/faq.php'),
(1413, '69.160.160.50', 'http://tradeeclipse.com/index.php'),
(1414, '69.160.160.50', 'http://tradeeclipse.com/contact.php'),
(1415, '69.160.160.50', 'http://tradeeclipse.com/privacy.php'),
(1416, '69.160.160.50', 'http://tradeeclipse.com/about.php'),
(1417, '69.160.160.50', 'http://tradeeclipse.com/faq.php'),
(1418, '69.160.160.50', 'http://tradeeclipse.com/how-it-works.php'),
(1419, '69.160.160.50', 'http://www.tradeeclipse.com/index.php'),
(1420, '207.46.13.7', 'http://tradeeclipse.com/index.php'),
(1421, '43.131.249.153', 'http://tradeeclipse.com/index.php'),
(1422, '130.255.166.97', 'http://tradeeclipse.com/index.php'),
(1423, '43.155.166.202', 'http://www.tradeeclipse.com/index.php'),
(1424, '43.159.63.75', 'http://www.tradeeclipse.com/about.php'),
(1425, '104.248.5.176', 'http://tradeeclipse.com/index.php'),
(1426, '93.159.230.84', 'http://tradeeclipse.com/index.php'),
(1427, '77.74.177.114', 'http://tradeeclipse.com/index.php'),
(1428, '42.236.12.219', 'http://tradeeclipse.com/index.php'),
(1429, '52.53.177.245', 'http://tradeeclipse.com/index.php'),
(1430, '43.130.39.254', 'http://www.tradeeclipse.com/index.php'),
(1431, '170.106.159.160', 'http://www.tradeeclipse.com/contact.php'),
(1432, '170.106.159.160', 'http://www.tradeeclipse.com/faq.php'),
(1433, '170.106.148.137', 'http://www.tradeeclipse.com/index.php'),
(1434, '170.106.148.137', 'http://www.tradeeclipse.com/faq.php'),
(1435, '170.106.148.137', 'http://www.tradeeclipse.com/contact.php'),
(1436, '49.51.233.46', 'http://www.tradeeclipse.com/how-it-works.php'),
(1437, '43.134.141.244', 'http://tradeeclipse.com/index.php'),
(1438, '43.135.185.59', 'http://tradeeclipse.com/contact.php'),
(1439, '162.62.231.139', 'http://tradeeclipse.com/contact.php'),
(1440, '49.51.204.74', 'http://tradeeclipse.com/privacy.php'),
(1441, '43.159.129.209', 'http://tradeeclipse.com/how-it-works.php'),
(1442, '144.202.51.138', 'http://tradeeclipse.com/index.php'),
(1443, '179.19.11.104', 'http://www.tradeeclipse.com/dashboard.php'),
(1444, '191.156.56.222', 'http://www.tradeeclipse.com/dashboard.php'),
(1445, '191.156.54.107', 'http://www.tradeeclipse.com/contact.php'),
(1446, '191.156.54.179', 'http://www.tradeeclipse.com/contact.php'),
(1447, '101.47.17.215', 'http://tradeeclipse.com/index.php'),
(1448, '198.235.24.41', 'http://tradeeclipse.com/index.php'),
(1449, '104.244.210.250', 'http://tradeeclipse.com/index.php'),
(1450, '136.36.61.71', 'http://tradeeclipse.com/index.php'),
(1451, '43.156.156.96', 'http://www.tradeeclipse.com/index.php'),
(1452, '5.133.192.94', 'http://tradeeclipse.com/index.php'),
(1453, '157.173.122.176', 'http://tradeeclipse.com/index.php'),
(1454, '40.77.167.26', 'http://tradeeclipse.com/index.php'),
(1455, '35.202.5.119', 'http://tradeeclipse.com/index.php'),
(1456, '43.155.152.154', 'http://www.tradeeclipse.com/index.php'),
(1457, '43.131.39.179', 'http://tradeeclipse.com/index.php'),
(1458, '170.106.82.209', 'http://www.tradeeclipse.com/about.php'),
(1459, '43.131.248.209', 'http://tradeeclipse.com/index.php'),
(1460, '212.8.251.121', 'http://tradeeclipse.com/index.php'),
(1461, '43.135.185.59', 'http://tradeeclipse.com/about.php'),
(1462, '45.77.1.151', 'http://tradeeclipse.com/index.php'),
(1463, '40.77.167.76', 'http://tradeeclipse.com/index.php'),
(1464, '52.167.144.234', 'http://www.tradeeclipse.com/about.php'),
(1465, '43.133.77.208', 'http://tradeeclipse.com/index.php'),
(1466, '43.135.130.202', 'http://tradeeclipse.com/privacy.php'),
(1467, '43.135.130.202', 'http://tradeeclipse.com/index.php'),
(1468, '170.106.82.209', 'http://www.tradeeclipse.com/privacy.php'),
(1469, '170.106.82.209', 'http://www.tradeeclipse.com/how-it-works.php'),
(1470, '43.135.185.59', 'http://www.tradeeclipse.com/contact.php'),
(1471, '43.135.185.59', 'http://www.tradeeclipse.com/faq.php'),
(1472, '191.156.148.24', 'http://www.tradeeclipse.com/index.php'),
(1473, '191.156.152.230', 'http://www.tradeeclipse.com/dashboard.php'),
(1474, '191.156.157.222', 'http://www.tradeeclipse.com/dashboard.php'),
(1475, '198.235.24.139', 'http://tradeeclipse.com/index.php'),
(1476, '128.90.157.2', 'http://tradeeclipse.com/index.php'),
(1477, '137.184.128.134', 'http://tradeeclipse.com/index.php'),
(1478, '205.210.31.13', 'http://tradeeclipse.com/index.php'),
(1479, '43.130.40.120', 'http://tradeeclipse.com/index.php'),
(1480, '152.89.198.68', 'http://tradeeclipse.com/index.php'),
(1481, '157.55.39.61', 'http://www.tradeeclipse.com/how-it-works.php'),
(1482, '207.135.200.152', 'http://tradeeclipse.com/index.php'),
(1483, '147.182.145.108', 'http://tradeeclipse.com/index.php'),
(1484, '170.106.84.136', 'http://tradeeclipse.com/faq.php'),
(1485, '170.106.84.136', 'http://tradeeclipse.com/how-it-works.php'),
(1486, '43.135.138.128', 'http://tradeeclipse.com/contact.php'),
(1487, '191.156.154.28', 'http://www.tradeeclipse.com/index.php'),
(1488, '191.156.147.158', 'http://www.tradeeclipse.com/dashboard.php'),
(1489, '45.63.79.161', 'http://tradeeclipse.com/index.php'),
(1490, '42.236.17.83', 'http://tradeeclipse.com/index.php'),
(1491, '170.106.197.109', 'http://tradeeclipse.com/about.php'),
(1492, '43.159.129.209', 'http://www.tradeeclipse.com/about.php'),
(1493, '186.141.229.50', 'http://www.tradeeclipse.com/index.php'),
(1494, '186.141.229.50', 'http://www.tradeeclipse.com/dashboard.php'),
(1495, '43.153.122.30', 'http://tradeeclipse.com/index.php'),
(1496, '191.156.236.25', 'http://www.tradeeclipse.com/dashboard.php'),
(1497, '191.156.233.26', 'http://www.tradeeclipse.com/dashboard.php'),
(1498, '35.232.64.38', 'http://tradeeclipse.com/index.php'),
(1499, '170.106.197.109', 'http://tradeeclipse.com/privacy.php'),
(1500, '49.51.47.100', 'http://www.tradeeclipse.com/index.php'),
(1501, '191.97.6.115', 'http://www.tradeeclipse.com/index.php'),
(1502, '191.97.6.115', 'http://www.tradeeclipse.com/dashboard.php'),
(1503, '43.163.8.148', 'http://www.tradeeclipse.com/index.php'),
(1504, '43.156.228.27', 'http://www.tradeeclipse.com/faq.php'),
(1505, '43.156.228.27', 'http://www.tradeeclipse.com/index.php'),
(1506, '43.156.228.27', 'http://www.tradeeclipse.com/contact.php'),
(1507, '43.156.228.27', 'http://www.tradeeclipse.com/how-it-works.php'),
(1508, '200.87.153.186', 'http://www.tradeeclipse.com/index.php'),
(1509, '200.87.153.186', 'http://www.tradeeclipse.com/about.php'),
(1510, '200.87.153.186', 'http://www.tradeeclipse.com/dashboard.php');
INSERT INTO `visitors` (`id`, `ip_address`, `page_url`) VALUES
(1511, '200.87.153.186', 'http://www.tradeeclipse.com/how-it-works.php'),
(1512, '200.87.153.186', 'http://tradeeclipse.com/dashboard.php'),
(1513, '43.156.156.96', 'http://tradeeclipse.com/index.php'),
(1514, '191.156.156.164', 'http://www.tradeeclipse.com/index.php'),
(1515, '181.115.214.52', 'http://www.tradeeclipse.com/index.php'),
(1516, '181.115.214.52', 'http://www.tradeeclipse.com/dashboard.php'),
(1517, '43.156.202.34', 'http://tradeeclipse.com/contact.php'),
(1518, '40.77.167.50', 'http://tradeeclipse.com/index.php'),
(1519, '147.185.132.46', 'http://tradeeclipse.com/index.php'),
(1520, '43.135.142.7', 'http://www.tradeeclipse.com/privacy.php'),
(1521, '128.90.174.4', 'http://tradeeclipse.com/index.php'),
(1522, '46.101.124.202', 'http://tradeeclipse.com/index.php'),
(1523, '182.43.70.143', 'http://tradeeclipse.com/index.php'),
(1524, '162.62.213.165', 'http://tradeeclipse.com/about.php'),
(1525, '170.106.179.68', 'http://tradeeclipse.com/how-it-works.php'),
(1526, '43.152.72.247', 'http://tradeeclipse.com/faq.php'),
(1527, '34.67.142.14', 'http://tradeeclipse.com/index.php'),
(1528, '102.129.153.19', 'http://www.tradeeclipse.com/index.php'),
(1529, '43.133.77.230', 'http://tradeeclipse.com/index.php'),
(1530, '43.133.77.230', 'http://tradeeclipse.com/privacy.php'),
(1531, '43.156.204.134', 'http://www.tradeeclipse.com/about.php'),
(1532, '170.106.192.3', 'http://tradeeclipse.com/index.php'),
(1533, '206.168.34.204', 'http://tradeeclipse.com/index.php'),
(1534, '162.142.125.208', 'http://tradeeclipse.com/index.php'),
(1535, '188.166.79.214', 'http://www.tradeeclipse.com/index.php'),
(1536, '150.109.16.20', 'http://www.tradeeclipse.com/index.php'),
(1537, '43.135.138.128', 'http://www.tradeeclipse.com/faq.php'),
(1538, '43.135.138.128', 'http://www.tradeeclipse.com/contact.php'),
(1539, '43.135.138.128', 'http://www.tradeeclipse.com/index.php'),
(1540, '43.156.168.214', 'http://www.tradeeclipse.com/how-it-works.php'),
(1541, '150.109.16.20', 'http://www.tradeeclipse.com/privacy.php'),
(1542, '157.55.39.15', 'http://www.tradeeclipse.com/how-it-works.php'),
(1543, '182.44.67.97', 'http://tradeeclipse.com/index.php'),
(1544, '43.135.166.178', 'http://tradeeclipse.com/contact.php'),
(1545, '43.130.32.224', 'http://www.tradeeclipse.com/how-it-works.php'),
(1546, '43.159.140.236', 'http://tradeeclipse.com/faq.php'),
(1547, '186.146.218.206', 'http://www.tradeeclipse.com/index.php'),
(1548, '186.146.218.206', 'http://www.tradeeclipse.com/dashboard.php'),
(1549, '186.146.218.206', 'http://www.tradeeclipse.com/index.php?logout=true'),
(1550, '181.115.214.236', 'http://www.tradeeclipse.com/index.php'),
(1551, '181.115.214.236', 'http://www.tradeeclipse.com/dashboard.php'),
(1552, '223.15.245.170', 'http://tradeeclipse.com/index.php'),
(1553, '43.135.185.59', 'http://tradeeclipse.com/index.php'),
(1554, '200.68.186.212', 'http://www.tradeeclipse.com/index.php'),
(1555, '200.68.186.212', 'http://www.tradeeclipse.com/dashboard.php'),
(1556, '190.186.81.12', 'http://tradeeclipse.com/dashboard.php'),
(1557, '167.94.138.42', 'http://tradeeclipse.com/index.php'),
(1558, '43.163.0.99', 'http://tradeeclipse.com/how-it-works.php'),
(1559, '191.156.238.125', 'http://www.tradeeclipse.com/index.php'),
(1560, '191.156.238.125', 'http://www.tradeeclipse.com/dashboard.php'),
(1561, '190.84.88.128', 'http://www.tradeeclipse.com/index.php'),
(1562, '68.183.54.49', 'http://tradeeclipse.com/index.php'),
(1563, '142.93.162.197', 'http://tradeeclipse.com/index.php'),
(1564, '190.84.88.128', 'http://www.tradeeclipse.com/dashboard.php'),
(1565, '192.200.115.162', 'http://tradeeclipse.com/index.php'),
(1566, '42.236.17.41', 'http://tradeeclipse.com/index.php'),
(1567, '52.37.211.198', 'http://tradeeclipse.com/index.php'),
(1568, '181.115.214.249', 'http://www.tradeeclipse.com/index.php'),
(1569, '181.115.214.249', 'http://www.tradeeclipse.com/dashboard.php'),
(1570, '43.135.130.202', 'http://www.tradeeclipse.com/privacy.php'),
(1571, '43.135.130.202', 'http://www.tradeeclipse.com/about.php'),
(1572, '43.135.130.202', 'http://www.tradeeclipse.com/index.php'),
(1573, '43.135.130.202', 'http://www.tradeeclipse.com/faq.php'),
(1574, '188.163.68.213', 'http://tradeeclipse.com/index.php'),
(1575, '52.168.5.70', 'http://tradeeclipse.com/index.php'),
(1576, '198.235.24.234', 'http://www.tradeeclipse.com/index.php'),
(1577, '191.156.47.31', 'http://www.tradeeclipse.com/index.php'),
(1578, '52.168.5.70', 'http://www.tradeeclipse.com/index.php'),
(1579, '52.168.5.70', 'http://tradeeclipse.com/contact.php'),
(1580, '52.168.5.70', 'http://www.tradeeclipse.com/contact.php'),
(1581, '204.15.64.226', 'http://www.tradeeclipse.com/index.php'),
(1582, '52.168.5.70', 'http://tradeeclipse.com/about.php'),
(1583, '52.168.5.70', 'http://www.tradeeclipse.com/about.php'),
(1584, '34.221.207.104', 'http://www.tradeeclipse.com/index.php'),
(1585, '54.212.229.5', 'http://www.tradeeclipse.com/index.php'),
(1586, '54.187.85.91', 'http://www.tradeeclipse.com/index.php'),
(1587, '54.187.56.75', 'http://www.tradeeclipse.com/index.php'),
(1588, '181.214.153.35', 'http://tradeeclipse.com/index.php'),
(1589, '43.133.77.230', 'http://www.tradeeclipse.com/index.php'),
(1590, '49.51.243.156', 'http://www.tradeeclipse.com/contact.php'),
(1591, '217.160.202.182', 'http://tradeeclipse.com/index.php'),
(1592, '52.167.144.166', 'http://www.tradeeclipse.com/how-it-works.php'),
(1593, '43.130.39.254', 'http://tradeeclipse.com/index.php'),
(1594, '84.247.93.9', 'http://www.tradeeclipse.com/index.php'),
(1595, '176.83.173.213', 'http://www.tradeeclipse.com/index.php'),
(1596, '176.83.173.213', 'http://www.tradeeclipse.com/dashboard.php'),
(1597, '176.83.173.213', 'http://www.tradeeclipse.com/dashboard.php?logout=true'),
(1598, '5.133.192.167', 'http://tradeeclipse.com/index.php'),
(1599, '223.113.128.178', 'http://tradeeclipse.com/index.php'),
(1600, '71.132.53.61', 'http://tradeeclipse.com/index.php'),
(1601, '43.135.185.59', 'http://www.tradeeclipse.com/how-it-works.php'),
(1602, '54.176.45.217', 'http://tradeeclipse.com/index.php'),
(1603, '181.115.129.39', 'http://www.tradeeclipse.com/index.php'),
(1604, '181.115.129.39', 'http://www.tradeeclipse.com/dashboard.php'),
(1605, '43.133.66.151', 'http://tradeeclipse.com/contact.php'),
(1606, '106.75.137.178', 'http://tradeeclipse.com/index.php'),
(1607, '106.75.189.197', 'http://www.tradeeclipse.com/index.php'),
(1608, '106.75.186.101', 'http://tradeeclipse.com/index.php'),
(1609, '106.75.188.200', 'http://www.tradeeclipse.com/index.php'),
(1610, '106.75.186.101', 'http://www.tradeeclipse.com/contact.php'),
(1611, '176.83.188.180', 'http://www.tradeeclipse.com/index.php'),
(1612, '176.83.188.180', 'http://www.tradeeclipse.com/dashboard.php'),
(1613, '147.185.132.22', 'http://tradeeclipse.com/index.php'),
(1614, '198.235.24.182', 'http://www.tradeeclipse.com/index.php'),
(1615, '43.163.0.99', 'http://www.tradeeclipse.com/index.php'),
(1616, '190.186.81.12', 'http://www.tradeeclipse.com/invest.php?package=premium'),
(1617, '43.156.202.34', 'http://www.tradeeclipse.com/index.php'),
(1618, '43.156.202.34', 'http://www.tradeeclipse.com/about.php'),
(1619, '43.156.202.34', 'http://www.tradeeclipse.com/faq.php'),
(1620, '62.182.81.85', 'http://tradeeclipse.com/index.php'),
(1621, '64.227.133.222', 'http://tradeeclipse.com/index.php'),
(1622, '176.83.188.180', 'http://www.tradeeclipse.com/index.php?logout=true'),
(1623, '176.83.188.180', 'http://tradeeclipse.com/index.php'),
(1624, '170.106.179.68', 'http://www.tradeeclipse.com/index.php'),
(1625, '223.113.128.228', 'http://www.tradeeclipse.com/index.php'),
(1626, '52.80.187.17', 'http://www.tradeeclipse.com/index.php'),
(1627, '85.208.96.201', 'http://tradeeclipse.com/index.php'),
(1628, '43.157.22.57', 'http://www.tradeeclipse.com/contact.php'),
(1629, '43.157.22.57', 'http://www.tradeeclipse.com/privacy.php'),
(1630, '49.51.233.95', 'http://tradeeclipse.com/index.php'),
(1631, '170.106.181.163', 'http://tradeeclipse.com/faq.php'),
(1632, '54.88.179.33', 'http://tradeeclipse.com/index.php'),
(1633, '54.88.179.33', 'http://www.tradeeclipse.com/index.php'),
(1634, '43.156.228.27', 'http://tradeeclipse.com/privacy.php'),
(1635, '43.156.228.27', 'http://tradeeclipse.com/about.php'),
(1636, '43.155.138.79', 'http://www.tradeeclipse.com/index.php'),
(1637, '43.135.140.225', 'http://www.tradeeclipse.com/how-it-works.php'),
(1638, '170.106.197.109', 'http://www.tradeeclipse.com/index.php'),
(1639, '191.156.57.135', 'http://www.tradeeclipse.com/index.php'),
(1640, '191.156.57.135', 'http://www.tradeeclipse.com/dashboard.php'),
(1641, '223.113.128.213', 'http://www.tradeeclipse.com/index.php'),
(1642, '52.81.165.141', 'http://www.tradeeclipse.com/index.php'),
(1643, '52.167.144.181', 'http://www.tradeeclipse.com/about.php'),
(1644, '168.151.98.163', 'http://tradeeclipse.com/index.php'),
(1645, '168.151.101.195', 'http://tradeeclipse.com/index.php'),
(1646, '162.62.231.139', 'http://tradeeclipse.com/index.php'),
(1647, '176.80.102.71', 'http://www.tradeeclipse.com/index.php'),
(1648, '176.80.102.71', 'http://www.tradeeclipse.com/dashboard.php'),
(1649, '176.80.102.71', 'http://www.tradeeclipse.com/index.php?logout=true'),
(1650, '207.135.200.81', 'http://tradeeclipse.com/index.php'),
(1651, '44.220.153.206', 'http://tradeeclipse.com/index.php'),
(1652, '43.134.142.8', 'http://www.tradeeclipse.com/about.php'),
(1653, '162.62.231.139', 'http://www.tradeeclipse.com/faq.php'),
(1654, '162.62.231.139', 'http://www.tradeeclipse.com/index.php'),
(1655, '91.246.41.166', 'http://tradeeclipse.com/index.php'),
(1656, '91.246.41.166', 'http://tradeeclipse.com/contact.php'),
(1657, '198.235.24.162', 'http://tradeeclipse.com/index.php'),
(1658, '42.236.12.199', 'http://tradeeclipse.com/index.php'),
(1659, '205.210.31.19', 'http://www.tradeeclipse.com/index.php'),
(1660, '34.46.21.109', 'http://tradeeclipse.com/index.php'),
(1661, '52.167.144.189', 'http://www.tradeeclipse.com/contact.php'),
(1662, '54.229.170.60', 'http://www.tradeeclipse.com/index.php'),
(1663, '52.167.144.175', 'http://www.tradeeclipse.com/how-it-works.php'),
(1664, '18.201.8.227', 'http://tradeeclipse.com/index.php'),
(1665, '170.106.82.209', 'http://tradeeclipse.com/index.php'),
(1666, '143.198.39.129', 'http://tradeeclipse.com/index.php'),
(1667, '189.138.2.49', 'http://www.tradeeclipse.com/index.php'),
(1668, '189.138.2.49', 'http://www.tradeeclipse.com/dashboard.php'),
(1669, '189.138.2.49', 'http://www.tradeeclipse.com/about.php'),
(1670, '189.138.2.49', 'http://www.tradeeclipse.com/faq.php'),
(1671, '189.138.2.49', 'http://tradeeclipse.com/index.php'),
(1672, '52.167.144.229', 'http://www.tradeeclipse.com/how-it-works.php'),
(1673, '198.235.24.152', 'http://tradeeclipse.com/index.php'),
(1674, '37.10.131.37', 'http://www.tradeeclipse.com/index.php'),
(1675, '37.10.131.37', 'http://www.tradeeclipse.com/dashboard.php'),
(1676, '37.10.131.37', 'http://www.tradeeclipse.com/faq.php'),
(1677, '102.88.71.188', 'http://www.tradeeclipse.com/index.php'),
(1678, '18.201.158.130', 'http://www.tradeeclipse.com/index.php'),
(1679, '85.208.96.211', 'http://tradeeclipse.com/faq.php'),
(1680, '85.208.96.199', 'http://tradeeclipse.com/how-it-works.php'),
(1681, '85.208.96.206', 'http://tradeeclipse.com/privacy.php'),
(1682, '179.19.81.166', 'http://www.tradeeclipse.com/dashboard.php'),
(1683, '85.208.96.200', 'http://tradeeclipse.com/index.php'),
(1684, '138.68.180.18', 'http://tradeeclipse.com/index.php'),
(1685, '138.68.180.18', 'http://tradeeclipse.com/about.php'),
(1686, '138.68.180.18', 'http://tradeeclipse.com/faq.php'),
(1687, '138.68.180.18', 'http://tradeeclipse.com/contact.php'),
(1688, '185.191.171.3', 'http://tradeeclipse.com/about.php'),
(1689, '186.84.90.119', 'http://www.tradeeclipse.com/dashboard.php'),
(1690, '186.84.90.119', 'http://www.tradeeclipse.com/faq.php'),
(1691, '191.156.61.105', 'http://www.tradeeclipse.com/index.php'),
(1692, '191.156.57.163', 'http://www.tradeeclipse.com/dashboard.php'),
(1693, '149.56.150.63', 'http://www.tradeeclipse.com/index.php'),
(1694, '149.56.150.63', 'http://www.tradeeclipse.com/contact.php'),
(1695, '149.56.150.63', 'http://www.tradeeclipse.com/privacy.php'),
(1696, '149.56.150.63', 'http://www.tradeeclipse.com/about.php'),
(1697, '149.56.150.63', 'http://www.tradeeclipse.com/faq.php'),
(1698, '149.56.150.63', 'http://www.tradeeclipse.com/how-it-works.php'),
(1699, '149.56.150.203', 'http://www.tradeeclipse.com/index.php'),
(1700, '35.221.135.117', 'http://tradeeclipse.com/index.php'),
(1701, '85.208.96.204', 'http://tradeeclipse.com/contact.php'),
(1702, '186.84.90.119', 'http://www.tradeeclipse.com/contact.php'),
(1703, '186.84.90.119', 'http://www.tradeeclipse.com/dashboard.php?logout=true'),
(1704, '186.84.90.119', 'http://www.tradeeclipse.com/about.php'),
(1705, '52.167.144.20', 'http://www.tradeeclipse.com/faq.php'),
(1706, '186.84.90.119', 'http://www.tradeeclipse.com/index.php'),
(1707, '152.44.103.137', 'http://tradeeclipse.com/index.php'),
(1708, '40.77.167.10', 'http://www.tradeeclipse.com/about.php'),
(1709, '103.191.198.239', 'http://tradeeclipse.com/index.php'),
(1710, '203.33.203.148', 'http://tradeeclipse.com/index.php'),
(1711, '170.106.140.110', 'http://tradeeclipse.com/index.php'),
(1712, '206.189.151.42', 'http://tradeeclipse.com/index.php'),
(1713, '40.77.167.43', 'http://www.tradeeclipse.com/about.php'),
(1714, '194.5.236.162', 'http://tradeeclipse.com/index.php'),
(1715, '198.235.24.203', 'http://www.tradeeclipse.com/index.php'),
(1716, '34.28.122.243', 'http://tradeeclipse.com/index.php'),
(1717, '93.158.90.12', 'http://tradeeclipse.com/index.php'),
(1718, '52.167.144.25', 'http://www.tradeeclipse.com/how-it-works.php'),
(1719, '159.203.111.9', 'http://tradeeclipse.com/index.php'),
(1720, '3.84.98.245', 'http://tradeeclipse.com/index.php'),
(1721, '14.19.58.31', 'http://tradeeclipse.com/index.php'),
(1722, '54.202.167.155', 'http://tradeeclipse.com/index.php'),
(1723, '102.89.23.33', 'http://www.tradeeclipse.com/index.php'),
(1724, '18.218.86.221', 'http://tradeeclipse.com/index.php'),
(1725, '8.242.189.137', 'http://www.tradeeclipse.com/index.php'),
(1726, '8.242.189.137', 'http://www.tradeeclipse.com/dashboard.php'),
(1727, '176.87.28.35', 'http://www.tradeeclipse.com/index.php'),
(1728, '176.87.28.35', 'http://www.tradeeclipse.com/dashboard.php'),
(1729, '176.87.28.35', 'http://www.tradeeclipse.com/index.php?logout=true'),
(1730, '176.87.28.35', 'http://www.tradeeclipse.com/invest.php?package=premium'),
(1731, '176.87.28.35', 'http://www.tradeeclipse.com/invest.php?package=gold'),
(1732, '81.200.156.80', 'http://tradeeclipse.com/index.php'),
(1733, '45.82.15.54', 'http://tradeeclipse.com/index.php'),
(1734, '43.130.31.48', 'http://www.tradeeclipse.com/index.php'),
(1735, '93.174.93.127', 'http://tradeeclipse.com/index.php'),
(1736, '172.94.95.16', 'http://tradeeclipse.com/index.php'),
(1737, '172.94.95.16', 'http://tradeeclipse.com/contact.php'),
(1738, '172.94.95.16', 'http://tradeeclipse.com/contact.php?name=Mackenzie+Backhouse&email=backhouse.mackenzie91%40yahoo.com&phone=451515889&subject=Dear+tradeeclipse.com+Administrator%21&message=Are+you+still+looking+at+getting+your+website+done%2F+completed%3F+Contact+e.solus%'),
(1739, '36.41.75.167', 'http://tradeeclipse.com/index.php'),
(1740, '170.106.171.77', 'http://tradeeclipse.com/index.php'),
(1741, '43.135.182.95', 'http://www.tradeeclipse.com/index.php'),
(1742, '85.208.96.201', 'http://www.tradeeclipse.com/index.php'),
(1743, '20.191.209.130', 'http://tradeeclipse.com/index.php'),
(1744, '157.230.10.53', 'http://tradeeclipse.com/index.php'),
(1745, '104.200.70.154', 'http://tradeeclipse.com/index.php'),
(1746, '94.176.91.122', 'http://tradeeclipse.com/index.php'),
(1747, '43.130.16.140', 'http://tradeeclipse.com/index.php'),
(1748, '18.237.193.216', 'http://tradeeclipse.com/index.php'),
(1749, '128.90.174.16', 'http://tradeeclipse.com/index.php'),
(1750, '191.96.106.184', 'http://www.tradeeclipse.com/index.php'),
(1751, '149.154.161.248', 'http://www.tradeeclipse.com/index.php'),
(1752, '24.42.41.244', 'http://www.tradeeclipse.com/index.php'),
(1753, '24.42.41.16', 'http://www.tradeeclipse.com/index.php'),
(1754, '24.42.41.16', 'http://www.tradeeclipse.com/dashboard.php'),
(1755, '191.156.232.150', 'http://www.tradeeclipse.com/dashboard.php'),
(1756, '170.106.192.3', 'http://tradeeclipse.com/about.php'),
(1757, '162.62.213.165', 'http://tradeeclipse.com/privacy.php'),
(1758, '49.51.47.100', 'http://tradeeclipse.com/contact.php'),
(1759, '138.199.47.233', 'http://tradeeclipse.com/index.php'),
(1760, '13.57.252.219', 'http://tradeeclipse.com/index.php'),
(1761, '198.235.24.130', 'http://tradeeclipse.com/index.php'),
(1762, '170.106.179.68', 'http://tradeeclipse.com/index.php'),
(1763, '24.42.40.198', 'http://www.tradeeclipse.com/index.php'),
(1764, '24.42.40.198', 'http://www.tradeeclipse.com/dashboard.php'),
(1765, '24.42.40.198', 'http://www.tradeeclipse.com/index.php?logout=true'),
(1766, '24.42.40.198', 'http://www.tradeeclipse.com/dashboard.php?logout=true'),
(1767, '52.167.144.19', 'http://www.tradeeclipse.com/how-it-works.php'),
(1768, '185.191.171.11', 'http://www.tradeeclipse.com/contact.php'),
(1769, '185.191.171.18', 'http://www.tradeeclipse.com/privacy.php'),
(1770, '185.191.171.11', 'http://www.tradeeclipse.com/faq.php'),
(1771, '85.208.96.196', 'http://www.tradeeclipse.com/index.php'),
(1772, '102.91.102.143', 'http://www.tradeeclipse.com/index.php'),
(1773, '185.236.182.114', 'http://www.tradeeclipse.com/index.php'),
(1774, '185.236.182.114', 'http://www.tradeeclipse.com/privacy.php'),
(1775, '185.236.182.114', 'http://www.tradeeclipse.com/dashboard.php'),
(1776, '195.2.81.242', 'http://tradeeclipse.com/index.php'),
(1777, '195.2.81.242', 'http://tradeeclipse.com/contact.php'),
(1778, '185.191.171.12', 'http://www.tradeeclipse.com/about.php'),
(1779, '139.59.34.59', 'http://tradeeclipse.com/index.php'),
(1780, '64.227.23.244', 'http://tradeeclipse.com/index.php'),
(1781, '85.208.96.203', 'http://www.tradeeclipse.com/how-it-works.php'),
(1782, '54.36.113.142', 'http://www.tradeeclipse.com/index.php'),
(1783, '43.128.67.187', 'http://www.tradeeclipse.com/index.php'),
(1784, '191.156.230.17', 'http://www.tradeeclipse.com/index.php'),
(1785, '185.236.182.114', 'http://www.tradeeclipse.com/dashboard.php?logout=true'),
(1786, '5.188.62.21', 'http://tradeeclipse.com/index.php'),
(1787, '20.191.249.140', 'http://tradeeclipse.com/index.php'),
(1788, '189.138.1.143', 'http://www.tradeeclipse.com/index.php'),
(1789, '189.138.1.143', 'http://www.tradeeclipse.com/dashboard.php'),
(1790, '94.152.186.69', 'http://tradeeclipse.com/index.php'),
(1791, '198.235.24.53', 'http://tradeeclipse.com/index.php'),
(1792, '191.156.229.253', 'http://www.tradeeclipse.com/dashboard.php'),
(1793, '207.46.13.102', 'http://www.tradeeclipse.com/how-it-works.php'),
(1794, '190.84.88.160', 'http://www.tradeeclipse.com/index.php'),
(1795, '190.84.88.160', 'http://www.tradeeclipse.com/dashboard.php'),
(1796, '190.84.88.160', 'http://www.tradeeclipse.com/how-it-works.php'),
(1797, '190.84.88.160', 'http://www.tradeeclipse.com/about.php'),
(1798, '40.126.234.237', 'http://tradeeclipse.com/index.php'),
(1799, '40.126.235.23', 'http://tradeeclipse.com/index.php'),
(1800, '205.210.31.245', 'http://tradeeclipse.com/index.php'),
(1801, '64.227.165.254', 'http://tradeeclipse.com/index.php'),
(1802, '203.2.64.59', 'http://www.tradeeclipse.com/index.php'),
(1803, '191.156.230.31', 'http://www.tradeeclipse.com/index.php'),
(1804, '191.156.230.30', 'http://www.tradeeclipse.com/dashboard.php'),
(1805, '77.81.142.25', 'http://www.tradeeclipse.com/index.php'),
(1806, '189.142.109.77', 'http://www.tradeeclipse.com/index.php'),
(1807, '5.188.62.26', 'http://tradeeclipse.com/index.php'),
(1808, '20.191.204.110', 'http://tradeeclipse.com/index.php'),
(1809, '185.13.98.57', 'http://tradeeclipse.com/index.php'),
(1810, '200.68.183.25', 'http://www.tradeeclipse.com/index.php'),
(1811, '200.68.183.182', 'http://www.tradeeclipse.com/dashboard.php'),
(1812, '49.51.178.45', 'http://www.tradeeclipse.com/index.php'),
(1813, '189.142.109.77', 'http://www.tradeeclipse.com/dashboard.php'),
(1814, '189.142.109.77', 'http://www.tradeeclipse.com/index.php?logout=true'),
(1815, '191.156.226.186', 'http://www.tradeeclipse.com/dashboard.php'),
(1816, '81.19.216.252', 'http://tradeeclipse.com/index.php'),
(1817, '52.167.144.216', 'http://www.tradeeclipse.com/about.php'),
(1818, '159.89.121.123', 'http://www.tradeeclipse.com/index.php'),
(1819, '43.155.152.154', 'http://tradeeclipse.com/index.php'),
(1820, '104.210.119.113', 'http://tradeeclipse.com/index.php'),
(1821, '189.142.125.223', 'http://www.tradeeclipse.com/index.php'),
(1822, '189.142.125.223', 'http://www.tradeeclipse.com/dashboard.php'),
(1823, '170.106.113.159', 'http://www.tradeeclipse.com/index.php'),
(1824, '102.88.69.138', 'http://www.tradeeclipse.com/index.php'),
(1825, '154.47.16.119', 'http://www.tradeeclipse.com/index.php'),
(1826, '102.88.69.138', 'http://www.tradeeclipse.com/dashboard.php'),
(1827, '102.88.69.138', 'http://www.tradeeclipse.com/dashboard.php?logout=true'),
(1828, '165.227.115.70', 'http://tradeeclipse.com/index.php'),
(1829, '190.84.88.160', 'http://www.tradeeclipse.com/faq.php'),
(1830, '190.84.88.160', 'http://www.tradeeclipse.com/privacy.php'),
(1831, '43.156.168.214', 'http://tradeeclipse.com/index.php'),
(1832, '134.209.228.68', 'http://tradeeclipse.com/index.php'),
(1833, '51.83.238.159', 'http://tradeeclipse.com/index.php'),
(1834, '42.83.147.55', 'http://tradeeclipse.com/index.php'),
(1835, '49.51.233.46', 'http://tradeeclipse.com/index.php'),
(1836, '49.36.111.255', 'http://www.tradeeclipse.com/index.php'),
(1837, '49.36.111.255', 'http://www.tradeeclipse.com/about.php'),
(1838, '18.144.126.198', 'http://tradeeclipse.com/index.php'),
(1839, '43.135.134.127', 'http://tradeeclipse.com/index.php'),
(1840, '80.85.247.231', 'http://tradeeclipse.com/index.php'),
(1841, '186.146.218.206', 'http://www.tradeeclipse.com/about.php'),
(1842, '186.146.218.206', 'http://www.tradeeclipse.com/how-it-works.php'),
(1843, '186.146.218.206', 'http://www.tradeeclipse.com/about.php?logout=true'),
(1844, '93.158.91.19', 'http://tradeeclipse.com/index.php'),
(1845, '138.197.93.123', 'http://tradeeclipse.com/index.php'),
(1846, '191.156.153.235', 'http://www.tradeeclipse.com/dashboard.php'),
(1847, '87.236.176.5', 'http://tradeeclipse.com/index.php'),
(1848, '147.185.132.129', 'http://tradeeclipse.com/index.php'),
(1849, '149.88.19.12', 'http://tradeeclipse.com/contact.php'),
(1850, '149.88.19.12', 'http://tradeeclipse.com/contact.php?name=Alfonzo+Lucia&email=lucia.alfonzo%40googlemail.com&phone=713-238-3752&subject=Dear+tradeeclipse.com+Administrator%21&message=If+you+are+reading+this+message%2C+That+means+my+marketing+is+working.+I+can+make+your+ad'),
(1851, '191.156.61.87', 'http://www.tradeeclipse.com/index.php'),
(1852, '191.156.54.107', 'http://www.tradeeclipse.com/dashboard.php'),
(1853, '87.236.176.211', 'http://tradeeclipse.com/index.php'),
(1854, '200.68.186.202', 'http://www.tradeeclipse.com/index.php'),
(1855, '200.68.186.202', 'http://www.tradeeclipse.com/dashboard.php'),
(1856, '200.68.186.202', 'http://www.tradeeclipse.com/dashboard.php?logout=true'),
(1857, '200.68.186.202', 'http://www.tradeeclipse.com/index.php?logout=true'),
(1858, '200.68.183.2', 'http://www.tradeeclipse.com/index.php'),
(1859, '200.68.183.156', 'http://www.tradeeclipse.com/index.php'),
(1860, '200.68.183.156', 'http://www.tradeeclipse.com/dashboard.php'),
(1861, '200.68.183.2', 'http://www.tradeeclipse.com/dashboard.php'),
(1862, '200.68.183.2', 'http://www.tradeeclipse.com/dashboard.php?logout=true'),
(1863, '129.226.213.145', 'http://www.tradeeclipse.com/index.php'),
(1864, '102.89.23.139', 'http://www.tradeeclipse.com/index.php'),
(1865, '189.142.125.223', 'http://www.tradeeclipse.com/dashboard.php?logout=true'),
(1866, '57.128.153.207', 'http://tradeeclipse.com/index.php'),
(1867, '170.187.144.174', 'http://www.tradeeclipse.com/index.php'),
(1868, '35.190.185.84', 'http://www.tradeeclipse.com/contact.php'),
(1869, '48.218.180.86', 'http://tradeeclipse.com/index.php'),
(1870, '186.146.218.206', 'http://www.tradeeclipse.com/faq.php'),
(1871, '186.146.218.206', 'http://www.tradeeclipse.com/dashboard.php?logout=true'),
(1872, '113.62.169.130', 'http://tradeeclipse.com/index.php'),
(1873, '85.208.96.196', 'http://tradeeclipse.com/contact.php'),
(1874, '185.191.171.3', 'http://tradeeclipse.com/how-it-works.php'),
(1875, '185.191.171.6', 'http://tradeeclipse.com/about.php'),
(1876, '185.191.171.16', 'http://tradeeclipse.com/faq.php'),
(1877, '170.106.113.159', 'http://tradeeclipse.com/index.php'),
(1878, '52.167.144.197', 'http://www.tradeeclipse.com/how-it-works.php'),
(1879, '167.71.234.112', 'http://tradeeclipse.com/index.php'),
(1880, '40.88.21.235', 'http://www.tradeeclipse.com/index.php'),
(1881, '198.235.24.12', 'http://tradeeclipse.com/index.php'),
(1882, '85.208.96.208', 'http://tradeeclipse.com/privacy.php'),
(1883, '205.210.31.170', 'http://tradeeclipse.com/index.php'),
(1884, '85.208.96.199', 'http://tradeeclipse.com/index.php'),
(1885, '104.210.92.162', 'http://tradeeclipse.com/index.php'),
(1886, '191.156.151.144', 'http://www.tradeeclipse.com/dashboard.php'),
(1887, '191.156.146.195', 'http://www.tradeeclipse.com/faq.php'),
(1888, '191.156.147.158', 'http://www.tradeeclipse.com/faq.php'),
(1889, '191.156.147.158', 'http://www.tradeeclipse.com/faq.php?logout=true'),
(1890, '42.83.147.53', 'http://tradeeclipse.com/index.php'),
(1891, '87.236.176.127', 'http://www.tradeeclipse.com/index.php'),
(1892, '168.80.182.218', 'http://tradeeclipse.com/index.php'),
(1893, '168.81.215.76', 'http://tradeeclipse.com/contact.php'),
(1894, '198.235.24.244', 'http://tradeeclipse.com/index.php'),
(1895, '170.106.192.208', 'http://www.tradeeclipse.com/index.php'),
(1896, '93.158.91.241', 'http://tradeeclipse.com/index.php'),
(1897, '40.126.230.109', 'http://tradeeclipse.com/index.php'),
(1898, '82.146.60.26', 'http://tradeeclipse.com/index.php'),
(1899, '82.146.60.26', 'http://www.tradeeclipse.com/index.php'),
(1900, '178.254.24.91', 'http://tradeeclipse.com/index.php'),
(1901, '191.156.40.111', 'http://www.tradeeclipse.com/faq.php'),
(1902, '191.156.40.111', 'http://www.tradeeclipse.com/dashboard.php'),
(1903, '124.225.164.130', 'http://tradeeclipse.com/index.php'),
(1904, '80.85.245.37', 'http://tradeeclipse.com/index.php'),
(1905, '80.85.245.37', 'http://tradeeclipse.com/contact.php'),
(1906, '87.236.176.100', 'http://www.tradeeclipse.com/index.php'),
(1907, '44.212.47.166', 'http://tradeeclipse.com/index.php'),
(1908, '157.230.100.206', 'http://tradeeclipse.com/index.php'),
(1909, '186.84.90.69', 'http://www.tradeeclipse.com/dashboard.php'),
(1910, '85.208.96.202', 'http://www.tradeeclipse.com/index.php'),
(1911, '185.191.171.14', 'http://www.tradeeclipse.com/faq.php'),
(1912, '52.156.165.64', 'http://tradeeclipse.com/index.php'),
(1913, '194.9.191.20', 'http://www.tradeeclipse.com/index.php'),
(1914, '185.191.171.8', 'http://www.tradeeclipse.com/contact.php'),
(1915, '49.51.233.95', 'http://www.tradeeclipse.com/index.php'),
(1916, '129.226.213.145', 'http://tradeeclipse.com/index.php'),
(1917, '81.167.26.57', 'http://tradeeclipse.com/index.php?MA'),
(1918, '81.167.26.57', 'http://tradeeclipse.com/index.php?MD'),
(1919, '81.167.26.57', 'http://tradeeclipse.com/index.php?NA'),
(1920, '81.167.26.57', 'http://tradeeclipse.com/index.php?ND'),
(1921, '81.167.26.57', 'http://tradeeclipse.com/index.php?SA'),
(1922, '81.167.26.57', 'http://tradeeclipse.com/index.php?SD'),
(1923, '81.167.26.57', 'http://tradeeclipse.com/about.php'),
(1924, '81.167.26.57', 'http://tradeeclipse.com/contact.php'),
(1925, '81.167.26.57', 'http://tradeeclipse.com/faq.php'),
(1926, '81.167.26.57', 'http://tradeeclipse.com/how-it-works.php'),
(1927, '81.167.26.57', 'http://tradeeclipse.com/index.php'),
(1928, '81.167.26.57', 'http://tradeeclipse.com/privacy.php'),
(1929, '81.167.26.57', 'http://www.tradeeclipse.com/index.php?MA'),
(1930, '81.167.26.57', 'http://www.tradeeclipse.com/index.php?MD'),
(1931, '81.167.26.57', 'http://www.tradeeclipse.com/index.php?NA'),
(1932, '81.167.26.57', 'http://www.tradeeclipse.com/index.php?ND'),
(1933, '81.167.26.57', 'http://www.tradeeclipse.com/index.php?SA'),
(1934, '81.167.26.57', 'http://www.tradeeclipse.com/index.php?SD'),
(1935, '81.167.26.57', 'http://www.tradeeclipse.com/about.php'),
(1936, '81.167.26.57', 'http://www.tradeeclipse.com/contact.php'),
(1937, '81.167.26.57', 'http://www.tradeeclipse.com/faq.php'),
(1938, '81.167.26.57', 'http://www.tradeeclipse.com/how-it-works.php'),
(1939, '81.167.26.57', 'http://www.tradeeclipse.com/index.php'),
(1940, '81.167.26.57', 'http://www.tradeeclipse.com/privacy.php'),
(1941, '181.214.166.231', 'http://www.tradeeclipse.com/index.php'),
(1942, '138.122.193.220', 'http://tradeeclipse.com/index.php'),
(1943, '138.122.193.220', 'http://tradeeclipse.com/contact.php'),
(1944, '177.93.41.99', 'http://www.tradeeclipse.com/index.php'),
(1945, '177.93.41.99', 'http://www.tradeeclipse.com/dashboard.php'),
(1946, '18.210.11.206', 'http://tradeeclipse.com/index.php'),
(1947, '13.75.170.75', 'http://tradeeclipse.com/index.php'),
(1948, '42.236.12.223', 'http://tradeeclipse.com/index.php'),
(1949, '52.167.144.219', 'http://www.tradeeclipse.com/how-it-works.php'),
(1950, '192.9.139.0', 'http://tradeeclipse.com/index.php'),
(1951, '85.209.11.117', 'http://tradeeclipse.com/index.php'),
(1952, '167.172.136.22', 'http://tradeeclipse.com/index.php'),
(1953, '92.204.175.93', 'http://tradeeclipse.com/index.php'),
(1954, '197.211.61.25', 'http://tradeeclipse.com/index.php'),
(1955, '106.75.101.188', 'http://tradeeclipse.com/index.php'),
(1956, '106.75.67.68', 'http://www.tradeeclipse.com/index.php'),
(1957, '104.210.105.161', 'http://tradeeclipse.com/index.php'),
(1958, '46.4.33.48', 'http://tradeeclipse.com/index.php'),
(1959, '117.107.136.69', 'http://tradeeclipse.com/index.php'),
(1960, '191.156.237.134', 'http://www.tradeeclipse.com/dashboard.php'),
(1961, '54.151.87.36', 'http://tradeeclipse.com/index.php'),
(1962, '80.85.245.187', 'http://tradeeclipse.com/index.php'),
(1963, '80.85.245.187', 'http://tradeeclipse.com/contact.php'),
(1964, '43.153.122.30', 'http://www.tradeeclipse.com/index.php'),
(1965, '185.191.171.6', 'http://www.tradeeclipse.com/about.php'),
(1966, '191.156.237.134', 'http://www.tradeeclipse.com/index.php'),
(1967, '170.64.189.229', 'http://tradeeclipse.com/index.php'),
(1968, '185.191.171.16', 'http://www.tradeeclipse.com/index.php'),
(1969, '185.191.171.6', 'http://www.tradeeclipse.com/how-it-works.php'),
(1970, '129.226.158.26', 'http://tradeeclipse.com/index.php'),
(1971, '89.169.33.220', 'http://tradeeclipse.com/index.php'),
(1972, '65.21.48.193', 'http://tradeeclipse.com/index.php'),
(1973, '191.156.229.186', 'http://www.tradeeclipse.com/index.php'),
(1974, '191.156.229.189', 'http://www.tradeeclipse.com/dashboard.php'),
(1975, '139.59.73.89', 'http://tradeeclipse.com/index.php'),
(1976, '13.79.165.1', 'http://tradeeclipse.com/about.php'),
(1977, '149.154.161.249', 'http://www.tradeeclipse.com/index.php'),
(1978, '52.167.144.182', 'http://www.tradeeclipse.com/how-it-works.php'),
(1979, '104.210.111.88', 'http://tradeeclipse.com/index.php'),
(1980, '186.155.159.102', 'http://www.tradeeclipse.com/index.php'),
(1981, '42.236.17.103', 'http://tradeeclipse.com/index.php'),
(1982, '192.104.34.34', 'http://www.tradeeclipse.com/index.php'),
(1983, '129.226.93.214', 'http://tradeeclipse.com/index.php'),
(1984, '93.158.91.252', 'http://tradeeclipse.com/index.php'),
(1985, '223.152.24.103', 'http://tradeeclipse.com/index.php'),
(1986, '87.120.125.80', 'http://tradeeclipse.com/index.php'),
(1987, '192.171.80.221', 'http://tradeeclipse.com/index.php'),
(1988, '52.167.144.199', 'http://www.tradeeclipse.com/index.php'),
(1989, '146.190.119.83', 'http://tradeeclipse.com/index.php'),
(1990, '43.155.138.79', 'http://tradeeclipse.com/index.php'),
(1991, '40.126.234.13', 'http://tradeeclipse.com/index.php'),
(1992, '18.236.126.239', 'http://tradeeclipse.com/index.php'),
(1993, '185.188.79.227', 'http://tradeeclipse.com/contact.php'),
(1994, '185.188.79.227', 'http://tradeeclipse.com/contact.php?name=George&email=george%40getinfoweb.com&phone=Toll+Free&subject=Notification&message=Notice+ID%3A+MSRVXZLYXHYMYG7LVKDR-tradeeclipse.com%0D%0AMessage+ID%3A+CXFUPVCRRNTUF7HG9SUZ%0D%0A%0D%0AThe+courts+have+decided+that+U'),
(1995, '190.84.88.160', 'http://www.tradeeclipse.com/contact.php'),
(1996, '66.249.83.79', 'http://www.tradeeclipse.com/contact.php'),
(1997, '66.249.83.77', 'http://www.tradeeclipse.com/contact.php'),
(1998, '66.249.83.78', 'http://www.tradeeclipse.com/contact.php'),
(1999, '162.250.122.68', 'http://tradeeclipse.com/index.php'),
(2000, '45.88.97.38', 'http://tradeeclipse.com/index.php'),
(2001, '57.129.29.42', 'http://tradeeclipse.com/index.php'),
(2002, '162.19.223.36', 'http://tradeeclipse.com/index.php'),
(2003, '49.51.243.156', 'http://tradeeclipse.com/index.php'),
(2004, '138.68.84.42', 'http://www.tradeeclipse.com/index.php'),
(2005, '185.129.62.62', 'http://tradeeclipse.com/index.php'),
(2006, '185.129.62.62', 'http://tradeeclipse.com/about.php'),
(2007, '185.129.62.62', 'http://tradeeclipse.com/index.php?name=%F0%9F%93%87+Ticket%3A+TRANSACTION+1%2C82687+BTC.+Verify+%3D%3E+https%3A%2F%2Ftelegra.ph%2FGo-to-your-personal-cabinet-08-25%3Fhs%3Dec08a81035e4dbfd439852c825218f8f%26+%F0%9F%93%87&email=romnik2012%40code-gmail.com&p'),
(2008, '185.129.62.62', 'http://tradeeclipse.com/contact.php'),
(2009, '185.129.62.62', 'http://tradeeclipse.com/index.php?name=%F0%9F%94%8F+Email-+TRANSFER+1%2C82412+BTC.+Get+%3E%3E%3E+https%3A%2F%2Ftelegra.ph%2FGo-to-your-personal-cabinet-08-25%3Fhs%3D7d9a4551240b3e4749d19c217d7cc8f6%26+%F0%9F%94%8F&email=romnik2012%40code-gmail.com&phone=3'),
(2010, '185.129.62.62', 'http://tradeeclipse.com/index.php?name=%F0%9F%94%87+You+have+1+message+%E2%84%96+356.+Open+%3E%3E%3E+https%3A%2F%2Ftelegra.ph%2FGo-to-your-personal-cabinet-08-25%3Fhs%3D7d9a4551240b3e4749d19c217d7cc8f6%26+%F0%9F%94%87&email=romnik2012%40code-gmail.com&pho'),
(2011, '185.129.62.62', 'http://tradeeclipse.com/faq.php'),
(2012, '185.129.62.62', 'http://tradeeclipse.com/index.php?name=%F0%9F%93%AB+You+have+received+a+notification+%23+473.+Read+%3E+https%3A%2F%2Ftelegra.ph%2FGo-to-your-personal-cabinet-08-25%3Fhs%3Df67ce072a1ccefc34c5ee208e7c171c9%26+%F0%9F%93%AB&email=romnik2012%40code-gmail.com&p'),
(2013, '45.129.84.246', 'http://tradeeclipse.com/how-it-works.php'),
(2014, '45.129.84.246', 'http://tradeeclipse.com/index.php?name=%F0%9F%93%9A+You+have+a+email+%E2%84%96+819.+Read+%3E%3E+https%3A%2F%2Ftelegra.ph%2FGo-to-your-personal-cabinet-08-25%3Fhs%3D8d1ee3adabf901a3dcc444e9edc075aa%26+%F0%9F%93%9A&email=romnik2012%40code-gmail.com&phone=FA'),
(2015, '45.129.84.246', 'http://tradeeclipse.com/index.php'),
(2016, '45.129.84.246', 'http://tradeeclipse.com/index.php?name=%F0%9F%94%87+Email%3B+Withdrawing+NoYQ93.+GET+%3E%3E+https%3A%2F%2Ftelegra.ph%2FGo-to-your-personal-cabinet-08-25%3Fhs%3D3438ceaa6e0d0b37462b87fbc36b2b2f%26+%F0%9F%94%87&email=romnik2012%40code-gmail.com&phone=FAQ&su'),
(2017, '45.129.84.246', 'http://tradeeclipse.com/index.php?name=%F0%9F%93%81+You+have+received+a+notification+%E2%84%96+546.+Go+-+https%3A%2F%2Ftelegra.ph%2FGo-to-your-personal-cabinet-08-25%3Fhs%3D0a055b38c4727bd32785bca2fd312ebb%26+%F0%9F%93%81&email=romnik2012%40code-gmail.com'),
(2018, '192.42.116.179', 'http://tradeeclipse.com/privacy.php'),
(2019, '192.42.116.179', 'http://tradeeclipse.com/index.php?name=%F0%9F%93%A9+Ticket%3B+Transfer+%23LG58.+CONTINUE+%3E%3E%3E+https%3A%2F%2Ftelegra.ph%2FGo-to-your-personal-cabinet-08-25%3Fhs%3D1b16af0e925eeffe7173801ae0605a3b%26+%F0%9F%93%A9&email=romnik2012%40code-gmail.com&phone'),
(2020, '192.42.116.179', 'http://tradeeclipse.com/index.php?firstname=%F0%9F%94%8F+Sending+a+gift+from+our+company.+Confirm+%3D%3E+https%3A%2F%2Ftelegra.ph%2FGo-to-your-personal-cabinet-08-25%3Fhs%3Def5e3e7a0127bbf477fd4a4d13e41de2%26+%F0%9F%94%8F&email=romnik2012%40code-gmail.com'),
(2021, '192.42.116.179', 'http://tradeeclipse.com/index.php?name=%F0%9F%94%91+You+have+1+email+%23+163.+Go+-+https%3A%2F%2Ftelegra.ph%2FGo-to-your-personal-cabinet-08-25%3Fhs%3Def5e3e7a0127bbf477fd4a4d13e41de2%26+%F0%9F%94%91&email=romnik2012%40code-gmail.com&phone=FAQ&subject=FAQ'),
(2022, '218.86.173.233', 'http://tradeeclipse.com/index.php'),
(2023, '178.42.158.76', 'http://tradeeclipse.com/index.php'),
(2024, '198.244.213.98', 'http://tradeeclipse.com/index.php'),
(2025, '94.103.88.24', 'http://tradeeclipse.com/index.php'),
(2026, '94.103.88.24', 'http://tradeeclipse.com/contact.php'),
(2027, '13.72.251.17', 'http://tradeeclipse.com/index.php'),
(2028, '54.224.41.244', 'http://tradeeclipse.com/index.php'),
(2029, '3.81.161.30', 'http://tradeeclipse.com/about.php'),
(2030, '186.84.90.208', 'http://www.tradeeclipse.com/dashboard.php'),
(2031, '186.84.90.208', 'http://www.tradeeclipse.com/contact.php'),
(2032, '186.84.90.208', 'http://www.tradeeclipse.com/about.php'),
(2033, '159.223.5.236', 'http://tradeeclipse.com/index.php'),
(2034, '34.205.45.176', 'http://tradeeclipse.com/index.php'),
(2035, '159.203.0.244', 'http://tradeeclipse.com/index.php'),
(2036, '35.92.165.166', 'http://tradeeclipse.com/index.php'),
(2037, '34.221.184.92', 'http://tradeeclipse.com/index.php'),
(2038, '35.167.240.40', 'http://tradeeclipse.com/index.php'),
(2039, '20.188.202.7', 'http://tradeeclipse.com/index.php'),
(2040, '5.133.192.166', 'http://tradeeclipse.com/index.php'),
(2041, '172.178.141.137', 'http://www.tradeeclipse.com/index.php'),
(2042, '51.8.102.17', 'http://www.tradeeclipse.com/index.php'),
(2043, '103.219.169.162', 'http://www.tradeeclipse.com/index.php'),
(2044, '103.219.169.162', 'http://www.tradeeclipse.com/dashboard.php'),
(2045, '103.219.169.162', 'http://www.tradeeclipse.com/how-it-works.php'),
(2046, '103.219.169.162', 'http://www.tradeeclipse.com/invest.php?package=premium'),
(2047, '52.167.144.189', 'http://www.tradeeclipse.com/how-it-works.php'),
(2048, '85.208.96.210', 'http://tradeeclipse.com/faq.php'),
(2049, '5.161.82.167', 'http://tradeeclipse.com/index.php'),
(2050, '185.191.171.12', 'http://tradeeclipse.com/how-it-works.php'),
(2051, '185.191.171.19', 'http://tradeeclipse.com/index.php'),
(2052, '185.191.171.17', 'http://tradeeclipse.com/index.php'),
(2053, '43.159.144.16', 'http://tradeeclipse.com/index.php');

--
-- Indexes for dumped tables
--

--
-- Indexes for table `contacts`
--
ALTER TABLE `contacts`
  ADD PRIMARY KEY (`id`);

--
-- Indexes for table `packages`
--
ALTER TABLE `packages`
  ADD PRIMARY KEY (`id`);

--
-- Indexes for table `payments`
--
ALTER TABLE `payments`
  ADD PRIMARY KEY (`id`);

--
-- Indexes for table `settings`
--
ALTER TABLE `settings`
  ADD PRIMARY KEY (`id`);

--
-- Indexes for table `transaction`
--
ALTER TABLE `transaction`
  ADD PRIMARY KEY (`id`);

--
-- Indexes for table `users`
--
ALTER TABLE `users`
  ADD PRIMARY KEY (`id`);

--
-- Indexes for table `visitors`
--
ALTER TABLE `visitors`
  ADD PRIMARY KEY (`id`);

--
-- AUTO_INCREMENT for dumped tables
--

--
-- AUTO_INCREMENT for table `contacts`
--
ALTER TABLE `contacts`
  MODIFY `id` int(11) NOT NULL AUTO_INCREMENT, AUTO_INCREMENT=26;

--
-- AUTO_INCREMENT for table `packages`
--
ALTER TABLE `packages`
  MODIFY `id` int(11) NOT NULL AUTO_INCREMENT, AUTO_INCREMENT=10;

--
-- AUTO_INCREMENT for table `payments`
--
ALTER TABLE `payments`
  MODIFY `id` int(11) NOT NULL AUTO_INCREMENT, AUTO_INCREMENT=10;

--
-- AUTO_INCREMENT for table `settings`
--
ALTER TABLE `settings`
  MODIFY `id` int(11) NOT NULL AUTO_INCREMENT, AUTO_INCREMENT=2;

--
-- AUTO_INCREMENT for table `transaction`
--
ALTER TABLE `transaction`
  MODIFY `id` int(11) NOT NULL AUTO_INCREMENT, AUTO_INCREMENT=52;

--
-- AUTO_INCREMENT for table `users`
--
ALTER TABLE `users`
  MODIFY `id` int(11) NOT NULL AUTO_INCREMENT, AUTO_INCREMENT=75;

--
-- AUTO_INCREMENT for table `visitors`
--
ALTER TABLE `visitors`
  MODIFY `id` int(11) NOT NULL AUTO_INCREMENT, AUTO_INCREMENT=2054;
COMMIT;

/*!40101 SET CHARACTER_SET_CLIENT=@OLD_CHARACTER_SET_CLIENT */;
/*!40101 SET CHARACTER_SET_RESULTS=@OLD_CHARACTER_SET_RESULTS */;
/*!40101 SET COLLATION_CONNECTION=@OLD_COLLATION_CONNECTION */;
